
--
-- Tabelstructuur voor tabel `factuur`
--

CREATE TABLE IF NOT EXISTS `factuur` (
  `fid` int(11) NOT NULL,
  `uid` int(11) NOT NULL,
  `date` datetime NOT NULL
) ENGINE=InnoDB AUTO_INCREMENT=9 DEFAULT CHARSET=latin1;

--
-- Gegevens worden geëxporteerd voor tabel `factuur`
--

INSERT INTO `factuur` (`fid`, `uid`, `date`) VALUES
(1, 3, '2015-10-15 12:58:28'),
(2, 3, '2015-10-15 12:58:31'),
(3, 3, '2015-10-15 13:01:27'),
(4, 3, '2015-10-15 13:01:57'),
(5, 1, '2015-10-22 10:44:42'),
(6, 1, '2015-10-22 10:46:35'),
(7, 1, '2015-10-25 19:11:34'),
(8, 1, '2015-10-30 09:17:32');

-- --------------------------------------------------------

--
-- Tabelstructuur voor tabel `factuur_product`
--

CREATE TABLE IF NOT EXISTS `factuur_product` (
  `fid` int(11) NOT NULL,
  `pid` int(11) NOT NULL,
  `aantal` int(11) NOT NULL
) ENGINE=InnoDB DEFAULT CHARSET=latin1;

--
-- Gegevens worden geëxporteerd voor tabel `factuur_product`
--

INSERT INTO `factuur_product` (`fid`, `pid`, `aantal`) VALUES
(3, 1, 2),
(4, 1, 2),
(4, 2, 1),
(5, 1, 2),
(6, 1, 2),
(6, 3, 1),
(7, 1, 1),
(7, 2, 1),
(7, 4, 1),
(8, 1, 2),
(8, 6, 1);

-- --------------------------------------------------------

--
-- Tabelstructuur voor tabel `location`
--

CREATE TABLE IF NOT EXISTS `location` (
  `lid` int(12) NOT NULL,
  `name` varchar(30) NOT NULL,
  `adres` varchar(30) NOT NULL,
  `zip` varchar(5) NOT NULL,
  `city` varchar(30) NOT NULL,
  `phone` varchar(12) NOT NULL,
  `email` varchar(30) NOT NULL
) ENGINE=InnoDB AUTO_INCREMENT=4 DEFAULT CHARSET=latin1;

--
-- Gegevens worden geëxporteerd voor tabel `location`
--

INSERT INTO `location` (`lid`, `name`, `adres`, `zip`, `city`, `phone`, `email`) VALUES
(1, 'Webshop', 'webshop straat', '3251w', 'Spijkenisse', '0285445', 'webshop@beast.com'),
(2, 'Rotterdam', 'Lijnbaan 3023', '3251w', 'Rotterdam', '0285445', 'lijnbaan@beast.com'),
(3, 'Spijkenisse', 'ergens in spijk', '4302w', 'Spijkenisse', '018154', 'spikenisse@beast.com');

-- --------------------------------------------------------

--
-- Tabelstructuur voor tabel `product`
--

CREATE TABLE IF NOT EXISTS `product` (
  `pid` int(11) NOT NULL,
  `name` varchar(45) NOT NULL,
  `brand` varchar(45) NOT NULL,
  `price` decimal(5,2) NOT NULL,
  `details` text NOT NULL,
  `category` varchar(45) NOT NULL,
  `image` longblob
) ENGINE=InnoDB AUTO_INCREMENT=9 DEFAULT CHARSET=latin1;

--
-- Gegevens worden geëxporteerd voor tabel `product`
--

INSERT INTO `product` (`pid`, `name`, `brand`, `price`, `details`, `category`, `image`) VALUES
(1, 'Cyclone Cup', 'Cyclone', '17.50', '"#1 World''s best shakebeker"\r\n\r\nSupersterren CT Fletcher, Larissa Reis en Anthony Pettis hebben hun naam verbonden aan de Cyclone Cup en dat is natuurlijk niet zonder reden.\r\n\r\nDit is een next-gen shakebeker met gepatenteerde Cycloneï¿½Mixing Technology. Nooit meer klontjes, nooit meer morsen! De shakebeker heeft een handige opslagruimte voor bijvoorbeeld je eiwtten of pre-workout. Daarnaast heeft de Cyclone Cup Shakebeker een speciale sluiting waardoor de inhoud niet uit de shaker gaat tijdens het shaken.', 'Shakebekers', 0xffd8ffe000104a46494600010100000100010000ffdb0043000504040504030505040506060506080e0908070708110c0d0a0e141115141311131316181f1b16171e1713131b251c1e2021232323151a26292622291f222322ffdb00430106060608070810090910221613162222222222222222222222222222222222222222222222222222222222222222222222222222222222222222222222222222ffc200110800a400a403012200021101031101ffc4001c0000010501010100000000000000000000000304050607010208ffc4001a010100020301000000000000000000000000010302040506ffda000c03010002100310000001d9400006f1345ce263e8192f9fd13e922bf96e2dc8c3644d85a37c319edcb7cf3228fa0d4c8f5c4804e200000532e793df5c65317f1d2d6915d596d72d42bcc3f9f88f61a34453365a7d9a06ceac17a7320f50f2ef41776f3f620373cf80000193eb193ee539d4ac3bfe9ea4a5db3ed0f99358e77df91aa49ca4f718e405820eee9473f887db5efa49b2894e1b275353a7e2000000c3772a4cc618f2453ca21afd5b9cae200ef8a31e29e1acccfbd88928537937cbb661ecacf562e6b06550000014bba530cda3255a8cad15eb315a12561e39c550e2461a6d35c53db84fbd0e837c45f8090000014eb8d40ce5a3df031b045cc94b78d65860e38ee11d390b61201757d9dbc526f05ec0900000153b6550cdfbce9ea463a40a7ce42cd0a26a2646d8206746dcef0f379a35ea17902400000532e79fe78e5f12a27b557bb1424821251482e6593be18fac6243af225b4cbae3b1d379a5e59a5655e8c05fcb000002877ca2ec55930e95e9ea8b3b462b9887978bf0c9b41ca5456f29577a6ed775ef5c7bd8f68c6f14dba67af7d03a3e3400000a3de12b31f9cbced4c3a3ad99fbd316614f87bc57fc862f5a4a25ad4f8a46a7e777b7412fe5beb33ebebfb15bcf7406e79e000000000000000000000000000000ffc400311000010302040503020505000000000000030102040005111220330613313234141521101622233544452425304042ffda0008010100010502d0430c54ebac74a6dd40ea64919351248455ee20a6cd0ba9af6bff00c3c5dcc1d39111a32028042fb9dd25badf6f7df6511a2ba487d7bf1e33a0c9f590ae0f2b2ee9f06578f97c2e793225ebba5d5f1d65497dc6c236e56b6131d5611a7bd499928d102aaf6fa79cd61f3f3bd7c81c6bf339f721c76914d03921b395605921dd95e4d5766e539df9088982b4ac6b2dc0c918eb85346a1103b263319e21ab013d3158ff000490a8f1c40b98d6fc1355d77e5f78fb1b424fedd336e3b10806a2a5344d4a7764c6d61414fc6da4dd4e9a6e9b929c99d871235b24340735f6999b713613aa763bb26aa340920542921cec2b1cbff6cdbd37589251856e5a9481492ecc838d3d05623cc315b9a60409364d25d4ed56dd24510f1e544c30427c102ee636246905416281d37d4c5a7720e91c3ae63325b55858e40674f973502dc162a2d0a2aa25d32325fe06a3b9540709f5696b592355f3a482f2e964e65e7b18cb6990835621236191a8d7e2a1e6227e5d5cccd648e631d5cd123c2f6bd2cfe56abdf437c354e3c0641b1b05c8b58fe6a45c5100aaf58cac6e3fd4cf735251144ea6285543d2c7bfaaf7d8f4c58d51a303cbcb01297c86855f4827abf96a8bfbdb8b71399059720728d30658b7355ef697a646b910234a87d57c9caab482323f05afdfccf214037520dada6f4b177eabdec2f44e950b717ca6fd1d5fc84bf27e8de962eed57af1d7a274a85bcbe5b7e8eafe425f93f46f4b175d57f2359164951a06ca92adf512aacc62be71330e4b6e21af710d2dc438b331265d8e615c7d54baf552f08ce23c3c3ea8baf8993300c1560c407387e99f56e1b87705932874346d641d6d954f248b741aadcfd2929629328233d45c36ce5bf57117649d98fb3507f552f486d45a463688d4cd570fd4529dd91f6ac5bfab88b6a50b24706458d963aba22312e865c12135ca834239a66aa39c8a95330f71c8c57bc63e5c746726c3bbab88bc792bf911b6aa0feaa5ed82aea423a8cf739eab8acff3d29fd91f6ac3dfa9e361587b0403a270c45627db91e85c3d14243da64547b64c13921c8a75be53c8cb599cb2386e39c9f6f36bede62a06c3184818e28edff63fffc4002a110001040004040505000000000000000001000203110405121320213132101415516130415052a1ffda0008010301013f01f0b56afc1add4a939ba4d704a69ab74d526485366aea9b8827aac0cbe6a66c3a405e9b055695360591e19dab9bb826ed45a5004028f441654ed38d8ca9278ebb82610ebe1a45a0adb1ecb6c7b26c6d0eb5afe1095cd36dfc2b8d0b5ba84dcd6b5bab08cf30ea010cb0fb1588cb9d1465f5d3825ec2b472e688401213810b2176899c7e14788bee0b3370761a4ae07b750a46172d87a21e0552d2f593c8cc3c85d2a19be13f6fe15986690cd1ba38feff005bffc400281100020103030205050000000000000000010200030411121321205110142232410530313350ffda0008010201013f01f0d3c66019999999f01d16ca1aa8060b552daa5f22d1a25c08d7dad7247aa25e1638794ae198b666f3778b54971d165ef8b5147e4cfabd406df831bdb1444243f1029ed0f403881a5450eb833613e04d95ed3cba6ad531300ff169a176d227953da3dae952d3784df1056066fc4aba8e3a2d7f7082af3e9974d9b6a9c7c1814958eac3896cbc9856511eb1d149f6dc345bca59971774de9328f90615ac17044d157b196f42af2489e5de52a0ca727ef7ffc4003c10000201020205080804060300000000000102000311122104202231711013415161728191233233425292a1b1143073c13440436282d153e1e2ffda0008010100063f02d4f48e04de4cff00b1323e7adb75009ef794de7ca6c9bfe4e8f5118846ba9b45395ba4b4c20a16eab5a514d0ea3d3e7180b0339d417b1b42feef6b4b834feb171ae253f0b44af6203eebcaf46ad560a8c7775422a103bc65d1b2dd890ee95454aacd469af4f5fe4737a3817e96334ba55db157d1c8aca7ac74c4c46f7b4c5720c35ea6d2e8e85f8f509528e90430adeefc27b21502fe1ba7a2c44764e6d94abb1dd68b47430aab4405ed3346d2296cfe269e77e8237c21bce16a75333d6207a7957d2eaecf7474ce6f4903b1c6b91db0768222711333e531e0c258fd267d72a8e82ccd1784a4e46208d7c3062f5db3329efd963611bc2041b4dd420e70dcaa6151f08fc8317845e1c887b4c3c66d70960662dedd660949bfbbf6e410fe4ae63745db1ba7b4129b21b837fbcf19e3c9e30442c4018fa7819ed17ce0f4a9e70e1753e3c8bc35a9be98de95af75e81c200144a9f82f61961bc1c4ca54e9a63a89eb750ce1be045949f9cc34eadca6ece13cfb65d9062d20e1ee4cf9ba89d76b47a7a65e91b624cf263d13d51bbaa300a2c3b261745cb715c8c7fc3962c8325df7898c59ac2e35938183677fbd09e7b113d6b2eec05ffb669c8a7dd43bbb65c6ee988859d952f6bee1c2118be93d686f6ca52a61c25a90dfe306d234cda9df8438573eb8c89b87fad74e060e1330b6eec190ecb89a581f02f476ca97e87800d25f846f4a45fa66d690e44545e9ff0072982149e686f9b4aa0f6099aa76e5362de11f5d38181baa0d8100214cd270fc03ef1d7a0997e70f8c74c7e33da98bc4094f18bfa25965500833d4178488fc35d3c65a6d81e53680bf09a4dbe01f711b8c618a14c632ec8a09bf845ef4a771fd359b20629b2abc8fc35d3c7936941992095ff4ff00711b8cba1b197c43ce67be277a2fe9afda663eb321c8fddd74d4affa5fb88dc7513bd07717eda8fddd75e3a95bf48c6ef6a277a7f8afdb51f86bae3764cf785bc2d474e2cdf09a169ed67b4fb4ac2ad4c5e85aca177c6665ad6bff00c53dff00966e7f28327f9623a255b5f773465a9d44b611961cd729ff0098731f2cc5534ca087e12849952d5454cba130ebd24eb873101ca7bb2a679f36dbb842056aa0778c3700cf5162353d961b8896356ab71631ed6ced370f38721e73a25553d57d7a1e30c5e43dd3f68635c09ea8f28990e430c6e13c655eeebd0e26067dcc2f14738471133aac3fc66c35cd8fda18f8566d25ad16e0ccc6f87135b397e7046f4c3ca36df0ca55eeebd1e2618393c0fda35b7f5c6da9eb18b737e43c791b84f195b80d7c351432f5112dcdb2771a592a56f313dad5fa4e711aaf39d64cd8c2fe31b1e8ed3d8bf945b5169b655479cc7ced556f09fc437cb2c6bb7cb2c5aa3f1330d140a3b3f99fffc40029100100020200040701010003010000000001001121314151617110208191a1b1f0c1d13040e1f1ffda0008010100013f21f21b7d0d7334fd460fb8955febbce1df64df976b5caed8dd8546907bc0967d9ff0dfabd2aad327f605d56a46d8804dd5b6f78f6119a16d3898d013c5b9d4e70945dfc9f14640b0f8a43e1b94313b073528b070ab98fe4a1d5cdfe8815b0e66fb97165d67938cfbff00c0b452d0ee9e84702c96edaf65bef1860eaaac025c4f04e555a8073a6aaaaee6607386d1792c1748de6a751d52a3a694fa86a1d2dd0bd62649deb9a08e38a48e96189f5a038e5b9b3a35d28d2595aaeb6fdbde1a095ac1f73cfcc0b316828394f070c7c142ce95519d36e8c9d426767ca65155fdf78085550ccc69ae5724c5cfcbd265a047138c7ccb3b68f7d99aaac13ab335036754066d84bdd788c6d64dc59a23b3cfbbcd7ee7cb4f83fa861e367fa4f8c9c63cbe882e195ca6a2abce67c5994de32bd5009907d201401da6fdafdcd1de69ede6e3f79cad734b4b1882dc4dce313ba6fed9f77c0d71f120cc072a0122cc3d48d54ce8cd4ab4e8f2bac463d690c52f26cce20b0c5e56ee56773b77aacef3bb96336f08d622c832d717adbcf58eb36e65d05b076c9a05861ed286856e10bcb7cd86082dc364fac310ef866341e3962c2830e097b9263094f5fa8ffe91eeca5dd92a12c02a1ba6b3e6a973fe5284b299070994ed2df330bd4c441e962a87a5882a19c18996df64525b94f24a930e5654c9452f9e2fff0060a26a13785e8964e562e9c476c63b2d7180dc83539fcd7cf0f3fe174991ac50d4ca5c74428143c032ba6c46a9240b2e7a301d25216a1b70595f9959ce46a55a9aa5df64b44e71bdac68521c48a8b5c4e71168233edbfcf3fee749aa5f1435ca3c711823c16a53c146bed8669a54e66a310355ac08dfda362fc12178da9b3bcda165e331055632d1288945cc97afefce73f4fe259734a1de3ba6a28ad5db100b001d52361fb9980c6789329c03708ce0e548e9e9fb84d042dbed105cd8e0858c87789809f97af9ff00676f0df7e08bd826b937edeb173cc1368aedb5caa97715ec6660fe44ff00714ff7e59b27e4ebe7f90fd787abc3e421fb7acd1f0e09f4e7e8f2f83a66c9f93abe7f9efaf0f5787e0f49fb3ace2f0e09f5a7ece9f074cd93e3fedf3d5bae0377ea90441aacefadb0255bb04cdb4295e21158e50ecbdab932e8f0a680cac35c0de350e64b42530df19d63d938018e2212767259ec5462e001541eee7cfa3812df68e021887073873a3064a63cd1d9c717f639057520dfe3041826c391864475138dea99e8422ba7d8db8e79c4ab2a2c79ce6fdd4f984f98c351411bec30ab8c1b27fe150b57b51c389f28f03e626d8f8dfbf39cdf8c44c12b1ac6e165b08520fa12ba82dbab76812cc9dc058f88d68b455c40aae4c929fd5cc94eb1c17c617416e4ba97bce5f09b21c3871ce650b0e05ae7c37df9ce5fd546a6da385f59f299c2394f161c3cb0f55ba7189c0876c4037b738816acdfe3fea717867da8737eafcec1fb7688a55ce692aa6754fe438dfb768970868687a541ae374a3f32bcb670a7e9f01906b1b5421ce72cda65b8dd58fa94ebd8454a74e020df453f539c46e6ff00b3ffda000c03010002000300000010f3cf8ac7da41dbcf3ce383e93d4beff3cf2c0f91208f801df3c759d7f808d4073cf3ca109a1f86bbcf3cf383206968baf3cf2ce14d3c834abcf3cf4d374e229cdf3cf296e2a2645053cf3cf2a13217c106f3cf3cf3cf3cf3cf3cf3ffc400241101000201030305010100000000000000010011213141511020617191a1c1f03050ffda0008010301013f10e9aaa34881a8b5ac7bd3a666aa8d63b15d35880ddcc6adb742c60dadda2155095482f0e452b22e6d6b1c3e1c5a1d5ce73718c019b3d4d3c07dbdb274196f158e91b96c345e7d98d61ee13006c4894d75418f9436995e013c2f682099239dc5c847d62de7fc4165135ac040a4ad5ca711558d1788afd7d4b90375a76c69b12bd1984cb6197b1f892ae538ab47e0f92385b6d93739ecb1e52bd74ada58f115d9f9847d08562f3708657e3c43615a6528d6fd7fb7ffc400261101000201020406030000000000000000010011212031415161911081a1b1c1d13040e1ffda0008010201013f10d03246b8c405b1a172e2b2f4021667da24a59cb93f52a9e9eb860810d9414262bb67d20c001e39fec40d81677c4a5b8a11a346ecb2a0f322609cf07a3e15ce618388a97f740950f14d91036942b128c0f69d1f68080524d9bc711d6fed3a006e3066951ab1c0bda60ba9d2608bb4a73208db7d1ef7d980ba5f9fd0ccf10bc2e8cbf92d57dc44d95ecfc7cc62dd0681750d66cf296dea031c52a5eee3a7c92fc1d861b017ce3c9f5213e1fe6fffc400271001000202000505000301010000000000010011213141516171a1208191b1f010c1d130f1ffda0008010100013f10f469e9bd87b6e20871c40f910c822f2660adae5479d4100888e93d2c215ffc83307417995fb495a83cd2bc5c2819e6cfc7fc481c2ae524533a47b42b4ed4e05b5b770859e4b3e438b71cb57f07d10985d4b46a4803459c19dbd6300694007c50a9528f1a4f9baf33b207d1c303cc378e9432566b1b1f686daa40f0a57318650ad9a3f93e6073b64b6faba697d61b583d7a9459302abff827855c340d68e3b6fb40d4a19a2301fd01ca5a87a598816ed3b40c6ea955b1d57488acb0011a41765517b2e5594e8b54c56c01b288692ce2acaaae17dffa9988c0e1537b351b684489ec1e6b9ac62206620181cf05ee8e7b9459022173b20075aeb30008d5a0bc6055c30175559af7265b0c42c7a9c39a77e9877344515683859e27c7ac2fb25fba42f5c161d06362289c49641371d0a047952625e2ae32ab468ef28725c6345f96dc07c14d686f172838b17a1d3a8a61b2e985e6b34b8d3a50bed2869066acd7b147b44bb3ba808873a3c4c092d0c5d08ccb5e01e4c01aeb150cae03b7b8aaf797a36227c906c1f50bfd1a9fa1ce6b7e690870067813ba01de9fd4fdae71205bb2ddd0c3cc84e9d428d86a0e30114c14e0e507e9ce18e2d4f735f899be73430108b302a1a29285a62b7f31da9a47d7a999b5695eec7d4965d06b30c08892f4d463033c58c3ab81b40f9263135fe304faa784fa6792fb97ab5aa190dca0bf120d405ec48508358cbcf78b4bd4675a13c1e9b5b8ab170401120c38491b24d35c3801c780891c73a8b5475ce132afb88eb7ac552c61c3bcac464aebe84a28ae6a46cd5287aeec74e16203b50ce456652060f1316bfb8fb85dae07238fc9335068f02f141c3ecc1f4759040661409d4ccbb096c6ebcf08971401d5de726961979a1e5a9482eccabacbc5a82a805ba2e0d36aa55a83c69bcfa87903f324547640b5eeb7a855f11962e597da0f52f8062c3219c5798d5bac96081c82d635ac4002b2b421d0d73941b40005aa0342e5eb16f9ad07aa355165b85b567e6685bdca0546933918878853af64008168b4ae1ca20eaa3570ce7243a453325b88e1cc7fe21937c6eb87b92d693c86552afbafaff139cd32346aa4bca60eec4b1cab43e654bb41d030f9859004a7affb1020729cd0aca61c6803b6a5a0ea1a5e174ebaf6874b4b810fcc6f8586aecc0788abcd6b476307cf0e0dbc073a8a99165a5b8e6048c731a0f68d6ddd3793eb393a5e65ea8650e5c3f758820bb387888ed3d03a59ce1225071af6e50b00a8e9bc3f333eba8e375e60d0b54d15578cf5f136ab68d0f965297542f91fe500006a0f05c7bc540e52050e05404cb9696f184c6b80144b33c7e8fafda14929c1570510b91c597a73953774ad16c678459900056ae7cc25f4a180a80696a36de60c80c3b94f0a9601ac7bce30771f52048540bc373cfdc001a4d957988670646ed5b35504d8419fafd716bca9e235f782d61dd372f0bbd97fec20701a07488fd7921884ac94bc27eed182500ca0e5a94424bd3751b073fb884082508c92575e81fdc35b8a1aba9f2cf3a6efe67eb19ba7e135f73f85c3de69f35f858317ee13ea7f3862fc623be88479cf0279d0fc6f5c73fe2d3ed3f8571e2e7e25ff0050e2fcc26becfe50f92f1161d0e2f19e04f3a0cfebbd96949512a8155ef158c716483ac516f5a882f9a58cfa8382a2f7505534715f815bb37d7509776222b34ac797555c5fecfddff613dd2806afc30bac105503820c7d9a9401b5cbc2f16679e23734fdbfd2588884ff00e88be6183ce6ee6f7c608260e8b5a2c76e47ad3361d969431e7c4bb6a1a472ca819356bce3cbe37363a855c0a2c2a5e26b102f882530349f4c0b3f87780612901384763d48e28baf05717ca128192ae5d23eeb0747f932c1a6b8728e2cc32edca225696d66abd7ef21e23f739c780e1f645e5fc102b65f33b4e90a23c5822f87f8c4aa0f62712542959e189b7f8b27d917eee13cd7d10dbf20f5fda0f88bf40338b0a2f3ddc4437620429aa4532977c354c103ed0d4519514bb718d5bc5c175015c57c0e9c5bde351ded9b002aaf00207183434b6e148e7a296e86ac795e266b15382b24509f2a2a9cc8fcb535980e3179b8315560516d551aacaf4aadb06a6e52da339433dc7cb1d6aee8ef0e6e43eb6a180afb8ff225b7c5254764f87f7439b9cc0ebf625855addd7f0e332b114006f97b19e9067041cb9af875846a56daef211a98305b788eea1933c7823c75455df7d459fe353b103cbd7adc5b37b30451bf33bd3678850ed50dec8dcb3b9957a40f8255d05c55b1bafaeff504288059b979902641aa9e1c00499eac66b37f8818f3115917621bb5a6c67ac17abc96fee239a86abe5617005508bf03ee23596c0cae6ae5f7ff00ad1ca54aff0097ffd9),
(2, '24hr Protein', 'Body & Fit', '29.90', 'De 6 TOP eiwitten verenigen hun beste eigenschappen in één ultra sterk eiwitpoeder. 24hr Protein is speciaal samengesteld met de beste specialisten in Europa voor nagenoeg de perfecte aminozuur opname en spreiding. Samen vormen de eiwitten in 24hr Protein de ideale eiwitshake voor fanatieke sporters zowel ''s ochtends, overdag en ''s avonds.', 'Eiwitten', 0xffd8ffe000104a46494600010100000100010000ffdb0043000504040504030505040506060506080e0908070708110c0d0a0e141115141311131316181f1b16171e1713131b251c1e2021232323151a26292622291f222322ffdb00430106060608070810090910221613162222222222222222222222222222222222222222222222222222222222222222222222222222222222222222222222222222ffc200110800a400a403012200021101031101ffc4001c0000010501010100000000000000000000000204050607030108ffc4001801010101010100000000000000000000000002010304ffda000c03010002100310000001d940000022491afe3119db360619220d6dc638b3719df9e9e9f499946afcf40240000000000414ac799634d21bee5161b4783c52e75dcbb617cb9396436995b956bf3cf4000000006ce600f514981b9d41b64cd2b34da9d53996294a4a8d8e5710766d6ac79ee35c95c9f548ae806680000193eb1925cd051e27d7c93c97cc7ea894d70914b0f66bbf56fdb3ab8e8dd7aebf497ccff4bf9efb01c7a000001916bb90dce79e24f5f239ae5f13af22a2b95cdcdd39786d15331bd639ab9fb59efd39f2ff00d3fc3a770387400000320d7f1fb9ce7d42bd7c4b754139b7a674d4c54f49549068b0b575ee2fd49729fa8be5bfa93874ee070e800000643af56ab3e7a5daaadebe294fa9dc4cd423e8ab2d4a6e0737c5f35dcacf1fee467d4b926c3e6ebe81cac000008897873a46c8f4d9cfab5b2f2e9185c66eccaf31079b0ab732f9ad1df4ed52c8e7ce771966aadaa2d4000000043cc57f73af5857750fd2dc9a64d253869ba7d7bb8e3ab7e915d51c5bd671b751eef85819400000404cc695a3a30dc7498de1b324cd92771e778c5939d21bb924869da69c5eaa564ca7c21600000001e780252023c03cf4052c05280f40000003ffc4002710000104000504030101010000000000000200010304051112132006101431323334302116ffda0008010100010502e47204632e3b87c48faae98a7eaf8d7fd78a1ead85d0753d2250e2b4ac7f5c46c954c3ec4f25891d3ad4cb5b26742856077650b9fcf168de5c3a6c30212d8a22b554152b839364a09211077a649ab52354b0f282dff239585e437245046e9eb823af1a9618993471671430a18993442a30104123a67cdb9cc7a47d76774e4cac4da46594c9f5499c33133c3233b0bb7769343f3c42c05653e38d99e2f3122c42574f7654f6a45e49af20d3593436e46437a543894cc87179c5438b0cae1f5f2ea9fdbddd4500c913c11b09422b4066993778be9e5d55fb783f06ef9a77ff0022fa79755fede18748f152a11338b4511d1663d78a3c6f8af77f517d3cbab3f6f71c36730afe68d3ad5ecbce31d99aa4e56bc6b35ed4f3c909c2dd9fd43f472eadfd9dcee4559a292262ad194a8499f0eb9191d12b5e34d8b6d6e767f50fd1cbabbf6727126e45ea1fa39757b3f93c6a033472c622d28e89783fa87e8e58b568edc56f01b1013b3897782510796d01c444e45debd3b16de9e0c301b7ae56fe7a58c27a11ce33f4fc0ea5c07273c16e8a2a368178d3ba0c36e1a0c0ecba87018957c1abc49a01cac7b6f8f2b9f317ff003b133123a9092f0c578a9a9828ebc42bd76cd4fedbe3cae7c85ffc59f6b1502736a2c23e2b38b531518b471acd3ba97d8fc79620442436599359896fc4b701398a2b11828ee44efba0e98996a14f28229c111b9b8fc396211ea5af4ade65bb12d75d16cba7164c284410ec2d50adc05ad364451b698b8be6a58a4263a76191416193b48c9e4c96f0ade05bc09a704d30adccd36f3a6ad70d57a33464026c9bf864cb40ada05b31af1e25e3c4b6235b40b6c56965972fffc40023110001030305000301000000000000000001000212101120031331415122304052ffda0008010301013f01adff002c829a9a9a9a90c5dc54e93c9bc90d377f55660ee3134660ee2b7a134660736625a0a81e959de2f978a0e4183126c86ab0f6a415c20e6bb8575368ed0707718900adb6f8b699e2da678b6d9e283475f7ff00ffc4002111000102070003010000000000000000000100020310111213205130313241ffda0008010201013f019886ac6ab5ab184e6d37a9d2b5d84371584ac4b12c456272208f7a43fa9de38ae1c9c6d21fd48a21513651b487f5222aad5441b28da34d0a06b2284e29aea1c42117ab2057b7a8c508bc9d40aac6ee2b4a1722d73656b8fe22d23deb5215eeeac8feacafeac8eeab8f7cff00ffc4003c100001020207030a0306070000000000000100020311041220212231913241711323305161728192a1b133738205243442d1f01014526293e1f1ffda0008010100063f02b5388e6b475b8c95f480e3fd826b0438cef00161a2443f505f837ff902c5468a3c42c423378b54a1d2193ea75dd2c58acda192ad19e5e7b7a06402e9c27ee3bba473409de17de2335bd8b288ff00a561a33cf12b0d1ceabf0ea4fa24fea58a8ef1e2b0bdd0f885477c3708adadfbbfa390cd5ee3e0b6068b2578f5591d565eab23aab82bd83458455e0b39f432199b1985711fc6f598b13e818f88f0d1dbbd7340f8dcb6b45b4ed56d1f315fecadcb72ff00aae27cc56d3bccb6dde8af74f884d111d50cf3dc9bc2dc0f967deccdc657c9126b6b927069c8ca6bb2fdf699c2dd1fe59f7e999c2dd1be59f7b305ef1020d18443ca44892262f600a8a600654894a311d78986ee0a8dcac510a54a7cb0ceb5f92a788112142886981a0c41d992a472024cad294a57efb2ce02dd1bb87dec432d30ab446d76c3e53111c141870ff94735c2bc38712a977aa854a83c8b6239d5a187102b1ec09a796a388709f5f13c02d71eb4f7c58d471ca9148ab58562772a5468ad697c30d7c5abdaa197cb9c6576f0b0cee8b746ee1f7b14188d85ca47651c49dca5c33dca832603496d16709e5f756bee217d9515922c83f10cc61c53bd53e4738ac96a5427368ad7b4519bcf56cbd553a2b6abae81867b425785451467d68420096a6c33ba2dd17b87dede2691c45b87dd16e88775575aafbc9923335b76524e68dd699dd16db0e2898f65cc73adeafcda2aae043ba8d8c7bb229c1ef73e66729945c73363eef09ceeddc3c5362477088f1b86c8fd7a0629384c293835c3aa20acae87119db09d31a15cd5299c22b4b5616322771e0ac5468be45f022f90aba8d13c449738e830fbcffd1739488913b2133f5536d1993fea8c6b942b9ad2ddbb4410b6cb1884f8ad8970585cf0be2bd5f58ab982c042db2cd72e7b4cbf29555b1a2494abbef123fbf05b6f4d68c85916d84098589a42cfd16d85b6dd56d0d55ef08cf0dfbd5ce1aacc2da1aadb1aacd6069285b6922616415f0da55f0b42b61daab81d55d2f32beaeaaff757b5de65f0ceaae84355b202186f4d07395bb8abaa957c2d0abe13f457b5fe55bf459acd66b7e8ae6443f4ac301fe2ae6359c4cd5673e655e7a2c96c85b216c05b016c05b2164b2b7fffc40028100002010203080301010000000000000000011121314151711020618191a1c1f0b1d1e130f1ffda0008010100013f21dee12ec213e903067c4f68e7162afab28cff006381d9b1c47f557e18f148389ee269a956fe8a2d35a53b4b703a3f7179d96d3a906c10f15d46e2baec3a4cc59c8bafe9507e4e0a4e584dfa2fd162070fc107b21e4756b2c834bec57219d0761747e475507c3f8195a4a7258b87c39fe7741f1123501e1421bb7573097d121f55033a7585ddfa87e214f5882bab51f2194cccde046f0f1b88997f06693702203203f7c2992398d113d04ac5d0599751667ac358aea28138b323254c509ca95bee323f770a44d2d447b2afe0b432d1f6fc1f5cd7c21ff53b8c5dfa6a7aa7ecf64fd9c075fb1665a27c89fdff00258faede07965c4fd1291576bccf0e68ed9bed15412363d89a767139a61f62da54aea38153b88b70ef19954ead1a53229c84f90c3098dc26f13b0fc6fbc1891b18c658c6d959ad84c4f62a343b0fc7f0c276318ed4c471e126842fd3b5252a299e4623323c9c21b4358ad39e03b9152aa08a0a28d6442648f5687becbf84924ec6b3d1a2aeb72312764ae6d39985a1934076de4f968483662c03c9586529788a89525e06e6808aa2a871f220d82a073536bc6c91ead0f4996ffbfc9b8b332fea68aae2a731736782a53d473833517aa97b8e941808ace2432df86698aad28a68218604382293a52885515de6a94893e35daf5687accb7fd1e416d63225da591af91042c9085b6e687a8cb7d28352a79a16d63269ac46842da4b45346a26b3a3a3aae626dc6a085b6f682349747e0df957b54ecdb34c6679b4944f2e43f24ae986b90c7b1014e19b560da873c0e367f0b5e7382e3acb10b64250abc6359a83d614a4d4f2ec5bd37fe6944f94cd3897727744f36be98f2359519d7ca2aa93331fd2f3313d098fd303bbdf30adafd57d243ed48f06bafd0689327e12dd85a4b09a8ba211a381da6ff00c929491b104213824ac45b90687d1593c5fcc935eab13ccbcdd45090a8b8123a0792ed37fe694848c4886998585ed47b91286db4dd9abe8c6e2c864d5d17ad5895dd4872d5498b861493b1407953b0df50a85cecda6b1ad4496eb925ba03f12117489c89b47394e21235e19fb882fd108dc49da7a22adc31b785be88bab35351450a0c841cdee8ad41b308c2efce56d7f0366ae46fa3059d3f2322bae023b734d1ef1875d16e0d8d4839d07588ab758af663baa2c70e978a831106c7fa8758b561e243563d88e1fa1fe19879e8e27ecc612ebe44580b39028f10c58497c478efc2c8e10d9741b3e826bf48ff0004ff002c8fe912edd0127091e021911bbfffda000c03010002000300000010f3cfa02a4d94f3cf3cf22fd1033db4f3cf2e39b2b60b327cf3cbbaf1cfdaf27f3cf2aa92d3e9c317cf3caaba84396bd1f3cf2c8ad69a287c3cf3ca3fcd8b4d71cf3cf2c7273346d87bcf38b3cc8b791d84f3cf3cf2083c82073cf3ffc4002611000201020405050000000000000000000001112031102141915161a1e1f0307181b1d1ffda0008010301013f10a12c9648ab82308ada0810e07b0808934ed58d32c4da3a5fcde5250d9e3aaa929138824bb0d5549c0849261aa8595034210c7826534dc50d576fda06bd0fe7b10fde265da5d7f3e84af9f9c2d4ad659a004db3435e6d8b25910e23b84deac5d10dba36390390394d85609b7aff00ffc40026110100010304010305010000000000000001001131411020216151b1f0f1308191a1d1e1ffda0008010201013f10d02ad0839621a4ada23a6e1a3522d775148abb682f04c24f2b2bf32bf33ba2515a0d96a11944a4b5b8834c365a84417952bcce4de2281a61b2d4205d1ed2fac21ae986ca7ac21c4672214bc22872c140636da58b87bfbd60b9fd7fb1f89f1302be9fdf59d37bf37dace844e11b902e027148ca2c2d16e9160c0f2fccee4ec4ed45eebebfffc40028100100020102050403010101000000000001001121315141617191b12081a1f010c1d130e1f1ffda0008010100013f10f52f29d423dd62bff673e2be65f0b1c403f2fc45941bfeb985b86724878a7fbf92361575409def13874f33d0a2404828b11c3fe942ba8d8005e977ed12655d9a74340e91b5a302dcf622dcbdb307c0bda650a39821d993a0670dd9d489c3d5acb09b1a55699ff47fa1c6d00b5b594c182ba85b130aeb6790412e05d6a1f7479980e82c58f270ac1e66bb6397fc4b6a47399db130d61c7ccbf1019a7560ef4f303a589ca6d05094374074b1aff34d516a5e3abf91194a96c5b632f78e8bfaa0bdd85504390fd47383d4788b4456ff00da3b226dff00496ee70fe90707ccb7922c64f330aa77d3f886074f877186185b3c7f8094ac6b671622816dd578c43c6116f04acd87532e84d8b7895769c94b527720c883ac5bedadb0433f40cb0b3c43583bc672cf1bc7f4800962589ebc92288aec0ad5e2d0cb2f069e2477e1969b65f3122ab737c07ccb3bf73f588f617aaf99538f6c0ffcf0038af40f128903347f12fed2a82fd1c3e610e844f91f184100fb4d06437a81ce1a1cf33a7ad46206c084063f1bc451fd4e8202ce6cd72e3c21e40bb85897c655a72f689864298456c3aad02f0b8088c804d7b5bba8d202a8036da6098498618980349c27d1ecf5f5140e3f814700e41e6c68784c72955587562d262fc6613bda7dfecf5bae678534c58a39a4ef3a48b1ba6318895aa563b6d98568312d27e9f1d1e197198233f610e2399551469a917b4fc5010e1130f1f80c6717e29f55b3d78fdfc210c32d0bd548ab4ab6b05de225ae3135235dba4378a8398884486ed4c8182ca23dac702b68d58ab4b69a71cfc20e59830368971a801211ae29a69958661aed882ecdac419a2773789f49b3d6aa7032e5e616b8101ed44cd8691a964bf2442248ca2dd0a9904a8b0d24156a501ca3a678466832aca25874498ea0d57b4085c194e63a11a51268de4526d731cea728a4f40011ce20c5c4ef6f13ed367add4014b8ca17442670675c6b2a18260c5ac1405d14b772165e4dea131418e500684b8b88bbef13ecb67aee2a8b4c58f5d98a11629aa2b117dc0628e395ca1a57458959d33a1292de01ad4511ca5af66da4b3e1fc14bb8e902899554101d4011291a7ac63b113b0700fd44856708c37babadbd08eed69577359228a3046e3aba80714059b9c63905196bb92b4601e34718cc0a6a28b76e51450717b4e12fdf50a03bc3dd9508b65d0de81ce65d378f5aafbb5252aae69b3af29489f428753e262ef6e0cbbaf6800d93b9242e007777b28fc47855f1a5dc1272c284c8158763eec959c4fa8bd853758b76f798cc2e0507334e0587d18ed41102002c0709f11e3d6eba3e44ec509ba7264c1e52c829c5be13a4b88af82b6b7f6383eddc208ec6ff331081c05109a94f7c4f8ef1ebd76c79131d0fc47387ea5af29694ad723a542505549afcb8db9dc19a47871402678382be48b6494b60badb5c8adbdd881a1b3b50ddfcd5a9eef9f0fe3d61a805dd152bf708073733e6a1b9eb68792e9e63af1f6de1fef7cc5add3747d89634605673a9a389700f707f6567871d22ebfd206d1e81f10a4b7ce6023812cc44af4d556f5ebaefada03ff0060d5c34161dae68f9fb63289d214333d0289c81daafd310b50e633aa3392803610f307c85788ea6757f44a3b8ba2a7953f4120e619a55be157344b40d9acfa6dc218e29c85a25c4a5b465dc85369dc9f351f7d83f432dcfb27843788bf532e6bd5ff00207af79fc96716e8ff0092d9de2fd4173bf5691fd7b881f963b4b38aec18f9831874c0741c214b202650f4d1b45b5116d4f69aa3f69a8243ae7ec8b6bdacff00c5c3441ec9a228d007da1a00f681e8250e04a3d1ffd9),
(3, 'Whey Drink', 'Body & Fit', '12.75', 'Whey drink is gemaakt met alleen whey eiwit als eiwitbron en bevat echt fruit uit vruchtenpuree. Een flesje bevat maar liefst 25 gram pure Whey met 11.81 gram BCAA. Whey Drink is low carb en bevat 0 toegevoegde suikers, de suikers die Whey Drink bevat zijn natuurlijke suikers uit fruit. Ideaal voor fanatieke sporters, als gezond en voedzaam tussendoortje of in je eiwitdieet.', 'Eiwitten', 0xffd8ffe000104a46494600010100000100010000ffdb0043000504040504030505040506060506080e0908070708110c0d0a0e141115141311131316181f1b16171e1713131b251c1e2021232323151a26292622291f222322ffdb00430106060608070810090910221613162222222222222222222222222222222222222222222222222222222222222222222222222222222222222222222222222222ffc200110800a400a403012200021101031101ffc4001c0000010501010100000000000000000000000304050607020108ffc400190100020301000000000000000000000000000301020405ffda000c03010002100310000001d94000000e18049791dc838f2317090e91f41d7514b83e1b2a0a0000000000011e462812112fb0dbd36c5b04eaf5bbfb93a2c5ecdde2fdc9f434bfcf6e14cfa091c2355a5ad6a305e977dd24a800000d8305a8accf76271cc8c7de88b86f2312d125510b15e33fba3b15119caf94d0f6bfb166d2a83594bf51faf3ba75c7074002b629973c998bca5bb9eb6e3f525b89ab677df208a2ed708d5dc7248cdea731e77c293085a2b1d54d3361f9bbe91c9ac011a0c436fc5dc9ab76e976d2a96aaf5858a4ab1a26731373e3bf56c51b3a7e4e773d0d687213ab685428994ea65d2db41fa93e60fa8623a032ea32ed46bd6afce2e2d954d2a968ab7532693b12c2d5311ed6324261474cd903bb1d6e78209342eb235accabc5b92fa3b32d3940025c562cf56ab29539456c9eae86f6890b34becbd2fabe799abcdd9eebcdacb7787d181b47fafef9d78ee58b513fd44c0e1ec5ab46ca3577610046a2b366ad56f9abd7a9e6eb25d7550193cd5e586559f37bd2f5d364a14955acb9a974e2f57262e52035ccdd7cf995959526dd72a8da5fc65406a4a8db616ac896bdb5a6c71112ced748042782d97592ce9535d2da5d168d365a9591ab39557b8f1d558c9f472ac87368aadb9999402f9c0004d4028ad3452356632d70a051b37e40b1ab6cce693290cb04532b8db3d57dd13a62e324c2720010000000001cf4000007201e801e80078007a00000001fffc4002e1000020202010401030205050000000000020301040005111012131406152021223116233032412433344043ffda0008010100010502fbe66223d80cf62321bce792320a0bfaa45da3eccce798e71a45298c8c1c9cf24848b0e73bca304bba3ef9b3f98714e308a53071907193fa80be414c19fc4b4e307e514e327e514a715641eb02c22c86c8e430a73be63067ba3ec9991383ceff00c3f7577d9fae6c3237bb1c2fccf48c1db5d4846f76319f5ed8e52b44fa4079338bfecfb3e43624f79e5664319ccf415978e7a6b2b0365d41735dd54814949bdbf48678c88c73cacc86b32b361d5babdb08aed396b30940bab3d259dd5e7a50b4282b3b95160d8e51ac608d96b406b3481d4a9a61f659ab4cd5f8d9c9693afc95fe1d2cf482995cf4ff0013d63a4fefdc531fe12d2439bb86355f16ba436bafcb9bfae7096119fb447107dcae72398397cf1046525dddd932319cc4f4911e7888cd5bbd7daf5f94ccfd628a92c165250117e26892bd36287b728381745a015cc3fdbaae900fdf2873de967f339999ab5965002895c4f1813dcbe9f2c1e36346badb545098cb43d973c299a9152b8d8cf5ab12df4ab8ebfe9a83c1d421b61a426ea75d07af5eaabf95d3cd88ac98aa3ae4f72c7c9623fb7a7cb55ca3c8701d8713b78e367372c4a35ecb23b6b4bf0db9da58f015f7141ec1ec83dada61b9d361f785abd61bac8e1b0dccdc2cbdd29302d3ae5fb98fdba6d6baecd6b3f1d68e36858549eb9d7f56dace49798e277492f6f26e1e7bcce4ce587590cb4ff9036476c226d9d5e8ec32c6c52eb1b7afa0b6ecd552a745dd776e9afafafb9e5b1692fcf694898245a17eaaab252b18af634355f8ef8d30715f1c794afe3b56b80585d41f4abddb0d84ebebb09f395cb91d949715e7beff005de2bcfaf9d7ba2b5103f7767cc584d9656654dab0df6edb556e96e0bccbbc8792e7f56dfb8a64c872afe577ed2daefd3c6a60c6b3edf36b5c44dbbd76cd9525bb17f3178dfad4d5f735eed72e6bab586ab1b10fe74d731ad12c564140a5b6a58f87621eb543a1b166920ac59b46e1bc92f3de5a174d5d6f17fa8b1aa5bb2bd4f5eb598722ab4b815318fd384a9555d7eab451528c046de3bbc607635faf2875e413364b9ec70c2c1169124cd75099339e6173caba5c98f78431d10b01fd9faa437115fd74dfaa458d9fd3a8893afe15a813dd1608a646f5686335daf91399e73ff7e30e60451ff1fa5cd785d18d1b430be3f3c8fe46079821e30671b52bbe535810162a4f6d0a3ea64ce4c72511d19ab8d81c691b109d18ada23c7db3ce59d43bcbea6d863d1ba0d88c11cedfcae2487a59aeeb3914f69111acd834aaa3d74ff48e2645baab49385edc61b4f66e856b7609c85edb8f4b68d9a5566aa7fee7ffc4002c11000202010301060603010000000000000102000311041221130510223132512023304171a1148191b1ffda0008010301013f01faacc167544ea986d69d5115c37c3bb266edd18f1165eafb89ff002066087de556b6ec1965db0c46dc33dd69c2981809985b332c3c8439fb88a710c7557f39a73e1c775fe88838958e65c200711b32b1e2968336f844d3fdfb986e188b53fb46460498c32b01309883cccd8cd1aa7f694e31c1eea76f506ef29a8d2d0ca593ed2ad007a83a9e67f0ed6b3a64cbb49655eb5ccd4da28acbaacd1df658e727f53b41ee5bb6d91bb3ecd4d4eb51e47ee696bb2b0458b83dd5faa5b669ca82a2515bd83786e2751d2cde793e51f52ea9f314cd3f67abd6f5ea178334dd974e9ef2a2cc89da62a64096206334f72253ed897649c9eea880de28069f3cbfea2bb57e9312d657ea097eb16daf18c18bab5e91279313c07225b69b5b734f918e5f07f12f643c273f02eaec030707f222de2e3f30e3fe45d3a13cdab1e8ab3e1b563bad3ca364c3aeb4f9607f42124f27eb7fffc400251100020201040202020300000000000000000102110310121321043120223041325161ffda0008010201013f01fcb18397a386470c4e189c2c96371f7f1db4a8aa10c87a296e251e88c6c92daeb4c4ae686b448e85449691b4790bed7a60fe64e5d937d1898eac4d191fd4c6d33776793fad20f6bb37c591926a84ea4348489bed2372891924bb333b9692f4467239699cbd11cffd33137967b6cf222a0951e3462f1ee463cf1c791391e44a327f57a4bd14c9747b452395c64a51fd19fca79a2ad18a738771743f663d24acd9a7f86da2bb3d8ba142c8c6be148942cd8ce362814bf3ff00ffc4003e10000200040208020608040700000000000102000311122131041013223241516120712342528191921430333462a1a2d10543b1c124405372e1f0f2ffda0008010100063f02f1d4e51854fba385a381a310630fad24f28c17e2632586ad3c3bb4f7c7ab190fa936ac6421b2cb5d3ac30a4ec0fb0238677c8238677c83f78e19df20849895a30ae3af011908c8457c2708cb54dd9cfddb8d374651f78fd023ef1fa0412733e054973a8aa2837447de3f408fbc7e81121df78b28a9a6acbc5a46cd9805a2e07b471bfcd1c6ff0036bda5376b4d6d3260bad202a9c8989427227a6f6569643bf29732c301258a9305a5cc57239533f28c1980f38fb47f9a3ed1fe689535385d41f04c9ad922968677e27353aa51fe64cde27a0d7293d8075b24daecdfa7280e1c3902811052348973311371f26865634bd6d06240e112f798914a18d22940e26ed0794057e102a6909b88ad32b695e512831c5491eef03a8ce6909ad6a72cbeaa849a79ea0e998eb01552d36db52d5a0ed0da2b703ad57cfc1a2c9e80b6afb51a85d888c25ea536d79c57671bb2ea73c046f291cb562b8c6e8a6ae28c0d634699d1c57fa7805794a1fde1da7ad56490eddd7a7c690d25b074282ea56a4d7fe208849b36df46c64d0fe3ff00ad1a4c8ff42c4057a856afe75d49a4bd3fc2b1974ecc7ff51a4e8cd5697a3e8f4369eae0ff00787d8ae914fa24ba09677f8a34bdaa3dfa2fa695b5e256cb1f883ee8c61697653296e7c1ca349fa4a4c63246dd36d9d4618f6fda09399896d316eb9fa72b5bf68d21de58ba46f0014a86ae1fd718a8e50a4f31ae4bf597484be4ddb498eacf8ee80b58d15ad1716915a135a9eb1397a391f9c2a6c12bf4233b698dd7410a9281c112cad6a65e376a972761bcfa1edb6818d6ea419865228fa32bed7686ebcf2a469692f7260597b1377ac56b4f7c6972ed29b3695ccd696d5879c3b4b4d9a138274843a5701da9bbd9e11586933828659526ac0e66a6b4f3899e8c4adee01eaf68fe1ed38300653b3153e661c4cf493156511be7d29a31a7be82152942cd4a40d7266fb2690543b053980601db2f2f5e2630ca680e3de2361b699b2cacae1125a76d2d3316faf3e51365fb0e44096366292f67759bd6f4ac302568d284a229c8650f561be549a0f672898e5c5d3195c9039ae50f35c286735368a47f0e952aede94c5e9f88c5935e66200a13c86505e631776e679c24a598aa24ca5974bbb6314da569ecb448ae346bcfbbc025cd1bad15d1dc38e8738a3cb31a24c974dacb4b0a9e714992d97dd00ded81ae71f49553b29ea1aeefab853e58e14f845c738595294b163ca0ca46212522a88dd0cc7e312e6e90bb394a6b8e663496084d6618ab012d7ab40b67899a436ed7f6f05ebc57810a93c2d0fad1496e0f685130d2b185932382902552a8052862a8b61ed1e8dabef8dea8f808da694f503380ba2e86c10fe7074975357e5845d2e52df92d6319f355e95a4213892313126527af89ef126e461bf5048fefe0d98e2baa21e6ba90464224d9536f11ed09d2c8dacbc2912d271a89991ef144722de50134922d3eb748b65be3d0e0754894beb54c63259540a5ab4a42dbc844b4a56ccf18c2f5ff006b5637ebc4695e90d76795210a6025b0bbc0ac05698c5caf6f610efeba66444bda31bab50d0b2a4ba6d14d68c78a166e9051565e341026af0cc19c09b4fb4a8112b1f48a618b74ac17631b95af2b5a024d7b5f9830e831a18a3632d46f18d949bf746e8581b76b768685e916caeb524f3f001f862b29b67da364d46ae712ad6368146b62b132e2770607ac4b59c57051818d9cd94cd2e1748922e19ef18374bdcec7186b6a7a5040d2272d8abc20e7132ca01683563410acc2e5198ed00495b533a45e0b281c5671111b5d25701c2a79ea53db5b29ce8283512485eed1439412b54af2194096a728daca15c37847789b770b43fd25caccf5557184326bb4bb7691bd81e91b465698aa3ecd4c09ba4ae5921d56dc2b4cb9eaab1a0ef09e5ac09bcb23d23734d9c079c5ef3ddc8c718a8e7a8ea2d3258b8f38b25e0226b4845779a286ee5de2f7c669fcbc37de56cc308a0d32753ce04c9935a630caec633af8708699a1cc3289c4a8ca29b64f9604ed2a6dc8989f0661bb8d6068cf6ba1a9c63ed97e11e9b4836fe1c2165a80147d5914041eb15d06632afb04e023f97ef11498f874ba91e8982f93c672e28f36d5fc31628ee4f33fe77fffc400291001000201030205050101010000000000010011213141516171108191a1b120c1d1e1f030f140ffda0008010100013f21fad5280d563f6d459a7b73fe0255a3f2845bbff52d342f1361c0fde60b63e9de698fc7c28771ff00451d62f9ccf5557f86015a6ad6a2df7e5e676269f8f08c4db86b51039c3534eb70fe49ef3569c03fbbd654dc4281861e20547509be59f9f58eb9bb32946ff430816daa2778dcbd18d8d8fbc3f71df56369fdbf0cb1fd7da25c5a5ac6132952540b28f49a27f5ed2dfebf11a2556e9df6998c3e8c7777a33007d0e93709353265ef1fd92381ef3c0ca55474bcbe060ab3a881ccb466c8dce0d91268f98b39f69ec1641cc7820047559d650ec4a110fdc27ed89a1c37ccfa3521c791712eb4b755b8ca9d6163c80f0b29a28f38aebf1e060a3856eb468ca383a91668b7de52ddcf8323018364340c60d99aa6db7bcd3c29e5e1fb47e1b9be4368e3545674e96ee34c1cc88e966be8b59473b6afb1e1606dc1ae82fc2c0a27858784829902531a0e12ad1ccac6e3d0f465241a24462ad1d219af4bfa2f26e7f07de0b434bde5a527625603689834b939978132f319921b056b16800d6cd2654f20717f103165a0465534e126fd728b8a0425a38bc54b010656a05d8e5f3f430f451f580f99274d28ff001d6328379562ebd3d907446a541573b8229f2206ccae8197176832c5cd8b717da6a9e35c2a8d2f67a4ab60e3fbac3ed2f12cdcb4277bdc196a54abaaef0d909d175d3d52b21a980ac53a967a2299b4b5e582d13616e09b6b9f64ad000088088b6523ab3119a9911f5102f8ff006907f734ddcc9401a35af335e98e54adf14ed52fff00df22f37e8340bbdd56388c0f1a0e845b19da6c41c80cd34274baac4176ea2e1615f45e906db3363cd1b881ce44aeac2f2921d342a56bc5b003ac4b5a62f6b8a7fc6a4e639a879cb56b1fd1b462c09040012b72ee547a3064ea5bdfe86236083834b748680e3c6b2375d93f44de98141f281ee1c3b7485b0e6e83f3703daa576dc544d909c630bed112fd84d8544980889a74bf30e61e16c95366abc4074af7b552389a34888be6a093615bcb29f482215bea930f2da3f8acbdaa0179e55cfec82afc48a2634f484b6c85f37cc144e0f146cb534d3cfda3eecd8d453da6a94ef902d66365c7300a22432d4cc40c61c604648c5de15dc8d416ca8a6dc15045d0c2ebab0090d0d687ee7955430070766d7355315e23669a4aadc593f56b9314a63e80daf00a6977104ce14c57589ab4cec7d2661fa4a8c0407a92f0d9d29f98fb05d4d88b373f27b4cd31e81f9a94f41d7f231cea9e4bfde90c48e1308ec4de0fa8c2b1c7499ec39198a8e88ba5ec1a1cfa4b8549dc8d294488e83684275207637fa0bba877022a970dcadd94f62dc38e51a548bee88130b58dd20a0353993aa29275a0f488cde5e8d10703a6f320b5f461dfb51cbfd717bb8854b4bdb7aef2a8c0fe0887a9af33c46aeb7e2eb5712b472eec7119da4f281c4196d7926ff46b03d0bb732fa80d04a85203162f9fa43ac5ad63acbeed2dd39f498e4916f4f899daf13aa5fa0aec4acc759ab88dd66190e2c08d95e0ce0e082a0cb70fb0cb85dc17ce75081777c666f6d8b9d8b89d4516dbaa9400a9b0bcc104f732fa2cd68643d65926d775b3cb88ebad3a5b9a80ac28bf299e6ce65f01413619fd4cf08b576e2705712aced10005851aae9cc315aca62aebcda9b48b67a9e7997f00da86dac12266575e10533140546e42467a00f3861c66d5aebd2234ea517c6c4176dc496192601f6342e2d25a291de5ff00718a68cca69b92687a606bde30eae9f8978735575acfda54af755979f0477b80a6e60b4586783012a2605bb30501ab99cb17541154558bc15d758a8c7aaaa04b75af825c7a339ef763301c427ce2cb752a590d0935c9594711238b9d3be6478efbcad225eaec75859612b1a423ac78d5af810b4e37794f2e12f696f64c4397f48d738c6af639bcd6d0a82757f49b11a2da3daa62258663b500ab95e1d60466b9d808c3da5787eaddf89483ef165174c9c217bff95590520c31e597bcec4a05aea1f88f86ad957b11df29c1e95054bbaa0bf10b37b9a3ed31276db6d79585effe87fe0fffda000c03010002000300000010f3ce2cb28534f3cf38d0d84692858453cb17c3a3a5e77bbcf3c0261bd9f072f7bc90d86c3c21bfd95f288d3c2fbd194cb7cbe0401ff0f1916af3999972cde120f1fcb9087c6fa317ad8f3cf1859a9fff002cf3cf0083c73c72001cf3ffc40028110100020102050403000300000000000001001121315141618191b11071a1f02030d1c1e1f1ffda0008010301013f10fdb597e88f05072e3947e0b52ccccd8880a9a222a2b8c343397fc75be11492c4bd4b3193194d3a38874378cbcb35e6009e3e96e9503e1864a1100227bcb01675a89f02324ab9866aa6685f7857d8f9f416a63d91871446623efdd20749f758d260b82a2bed429e8bddd07a27db3e252c6a668e138e63561940b3811a8cc8c37707771017439e0dfa7bcc5c49e9d9a5fdda2e11f6bf30a117577bf5d620820cd835dcaf98146cd356d5a355f88cb781a20ad34c0ef3238284ca58f1c73c6b8a712eec05677697c2c1338de3f6bb44a7d2b552c3840762262abbefde34a76500bdfdbb438da3436a3fd453496eb6ce9d6a62b09db95688d31ff53cb0d98b30bce895b918506b4bad51fb9a8c52900c05dfdcd756653b5d5f4b75ab97f31e632d876b5ff3cc4ad0de6bf1e3cee50ab045ab670e9b703df5892c33fe582143cc0b7922423cc95db2fde1f81aa03617ba5cc0c61462be1a7698043defe2880570e6d7c1717087b16755aed4cd209b84f888a96bfbbfffc4002611010002010302070003000000000000000100112110314151612030718191c1f0b1d1f1ffda0008010201013f10f36e7a27789541e37d150b1f002e00a0aa11742281559bf8c4581c301b8576f4822ff7597bd1a52223b4ac0300e6e52dda806ccb33023c32b3d468aa322961220a3ed17533fbfb87bbedf50b7731c6a56edbf98c7e5f5a52c3b1617b649bc727f105b10af240a3eb2b5b0e5a38589eb8d123a82418aa531139319205154e7db31f852f377f6c0d95cde07db3f3b7308bc5bedfe302a495c68e9c05cb10a9251442ec307ce629a447bc614fa1de15bb16e1a53a97eb2af0c42a06bac6a2a2c0a51145cdfdf816e258b349838db2ae3cff00ffc400271001010002020103040301010100000000011100213141516171811091a1c1b1d1f02030f1ffda0008010100013f10ff00b262b51030cf07cb4fccc1db5f03f79d20ff003d7167c9b7fc391a01a7a9ff00ad3f5c815d626a63a767d831ae03e5858582c37879c64ecfbe0536633c98c9c98bc5375afd642a1be0fed89ea3d11fac250da88eff00f03965b934671bce11fcff00ac0438ab4aff00182366fa83f17189fd9fde7aee1aaf8728a0e9c851f2ecc99bb0ad802e01b8c242ed885283a778d63f93fbcacfecfef02feaace7dae3853ff1e338d8f54fe4c0108747aff8405581cae07d840a256f43844a7fe3c608a2be07eb38181be019b36ea738870f1c405ce358c823b56ae5657593c11c604c1cc102b4fce3058c61e379c90f5a34c5a8e478c6745fe3c64907acff00061ad28b4bc6ff00e39305ae70026351f24f8c17fa7f39a51f7ffd70fd00ae35f5959ec25f730ef3967315118b5ed0acd5c490138a902e61a69278cd4ea53b5081e9fb66e5a9db00553d01de15af206d8081445e34b8301560827241c23a1ff7e72c1acdc77fe71381473c03fbff00877c2f2cd37e98f714eed0bf2e73c163750d5101ebcae76c5bcbfa61de9158f68f8fa5ef1a56e25ad13b3689e30b0324faf8a05307a31154b27947c0763ef944733c5105e8413c6f0f5d10ec01d68201793170d0d01b48f6aa61469328058f1585eb0e1b186e268b6721d28e09c571dd20fe4f63fe3bb411ba7f9d3e73be73c5ecf9be433eebf47273d0a0fa19793ef9cf3a670cf0f0b9c8bd191ec2ccdb3a4cd92068517487626b36242c1f0042314aaa0e137a1794887a297c7d5e3154401f954fe2c8388102baf5c6a0cb3b7f38906a083e71ee889f4f18df5011fdaffbe3e924624a5a8dd6b669dfa38c8c0c4c6f6f1254beb3db0b890d379ad01e12e57e3039a410139bd7972985444488e22c394a83aef2481383976edf89f6ce395429b5ec7a7ae512d2ac85c6db9d1e7fe05871f471d8d41f02cfe700da5df06e7cbd5b635b2b1e840eab37f6c77b4bc7b33031e8c2fbb1b3bd6b29799c84f976a099be31eb1c3e58ead27a0fefc4cec7636013a5d387575a4f67861ef3862d1ed3a57b872510a8ef165595154f2af9c87234f629c89b49eb8e3a30c9a18507439f59c70ae2b946afdf03273340422253611e1de5ed87508f06e2e88ec8c03613d4d9806428f0a0fd1c591adef5773cb25342d12137d11c5959492e175a837b0eb58c7a33bdb00e04e604d5e420470b35879bd86a158fef1793c63f7ec5915ba6bacedc218bd612a08de941ad3ace1d9d9d2dde0837c29263ba16cb2132b401b1e3462d96bc4aa4550e57bb8bd87b0a450f24fb5c60ab069c08c002ba238cea80c909672dd88ddd1cae69ff0060c3903cf0eb5952b980061e081782214c8cb0ba284d1d92c8e171c007dbe8e3d7aebe147f3f7337d57f20618fce069aa95dc4fc75e322758f82309832a0c0eab5e95eb1324025294f2861e30178c3f41cfc4c0063a0dca35d822d9e5c95e87347c3cc09cae20a4252a64720e7cbbc303d18a843a77e7271011aae40d0aedf55ce3afd89beb842cf430c68a6ed9f69df43825ccea1215edd1889e6b492d1eba3e7573872108df57ced3c5d66c7550ab0dafa83ef9e9507d1e31033f5c7011e910e729f3003e34fdb1ba53d42fde61165f303cc14a1d3e7131fed487c9ac3e204b6c8efc9882665291a3c0e877e71dc19955a9464bcce8e7080b80798fc5c08480249a271f9f7b8a488de2b187006d5f18d2b5f80adc0fa7d561f9c4d27fd140038a86d78c532c96c0c77e03078faa500f3b98baff8d29212550dd5fabc64610a208533bd1949847e4e51c4ef0536d2a079aebd78cac2b94b0f2ce0ce5e2420fec3932f22f3a3f8afe70758802210a1ae30246d6895f23f788bd336fed5fcb80eafb7fbd7e30c50f613dae87db146a09e20d419a463348e0759c0461a2d3f7614616016c5aad606f53acdb30c62d03046f5aeb9d666c0c021c82acf5c1c4edc61767adafc188ba54906428defc75d6b0e3eb1cd13f2a43e6cf9c5990514ab70ac35f75c02ab2b02b0de09ac9e000df857f592b13550c1c71a1b9378e29d62348a4e29836bf85ab4df36fae38dd2a502ae8dec9eb719bb74520720793d4b825905f41c0ae8cd4840bec2b015321252136d00aa8e4753153f4c2de395f377881c32006023da6df7c13eb60bb1a5ae035ae22237ec6afce2dee991014864ebe736398618c495165d61f535af5001215e860d1bec10f5a37e701774a84510871b3f238d6e0835288de4d191fc19d5174749134e8993a1126ec1c4062e8df2e1047ee471ea64dec2bd8abf6c807f0e4a14ff006e6572a4d642b3f397f430d1cbd9c75f7cdfb848edf1657583eac5b0aadd20a23f387a852d20ad7444d89ac9756089c200ed7f039b92110872873de3a4510abe842815e7d7731c918d91fb7f47582209c3bfa9c40201469a27b64e4cf6bbee23d378d75eb4d5a4df2061ea4b06572f413470132845dc177b0fcdca13866e225ed0b5ed90034886e9bd3ce1b5878450e40d34f4e17cea6be5bcd2766007715b479dc963e9bc0614d2826d50ad387ad78c1806c890418f00577cb85b6a4026944153df58746a392db113af5e7065f2acd2d4e6cf38264a5b2544b3b0723e98a76f71e0a1e9cef97d32a03b1e73fd1507d5064c46432876513589249eb86152113c57cefa32e8329a83b133c4c87276097e2e10b5b79cad59f7c0f4407eb3403b23b0f1de2fef6847c0fd7a6458425f561fb47e590aca1930d27b90eecde0fe88088bc437de0bd152690d97b8e20c1cc4fc7be479ee799308f8e26dea1d078797db01d39f388400342da2fa9c71eb8fa8d3585cf68c03ddc01b386fb7d20d298b5544247794367b70e08f4585c63f8bf8c6b69bf330bb82a8a3ece06853253c1888172595414f470f3eb8207714d4bcabdb90c56c913b5274bbe8779711d06e6f319b5f3e3581ec610978eb238366b12e8e7050d5bb35db9e129f7cfb63630c9f2d82e10757068c797fe5aa03eb89406a6a6bd29ee6bd31e06f017ef791bef87a0964697bc150ecc1d4b8636a76184258eded26fa20fa8e007c66facd3f93480406176f9f191b3f2fee393ca7df078d04c08fbcbdaed55daaed5db9a36ffc2e366b2fe029012223c8e31c7437d25d87a3f7c86f5b659e4c3d73ee05f9c46dd6ab17be87ed9fe5d81ac8b53e52e7a418589bc2ee55b5fe0e335f9ffe572b715faa1907ac03c1ff002b83f43ebfffd9);
INSERT INTO `product` (`pid`, `name`, `brand`, `price`, `details`, `category`, `image`) VALUES
(4, 'Assault', 'Musclepharm', '16.75', 'Assault XT pre workout is het meest geavanceerde en meest complete pre-workout systeem op de markt. Assault''s "5-stage delivery system" beïnvloedt met precisie elke hoek van prestatie. Voedt je lichaam met de meest geavanceerde ingrediënten, domineer elke workout en behaal maximale resultaten.', 'Pre-workout', 0xffd8ffe000104a46494600010100000100010000ffdb0043000504040504030505040506060506080e0908070708110c0d0a0e141115141311131316181f1b16171e1713131b251c1e2021232323151a26292622291f222322ffdb00430106060608070810090910221613162222222222222222222222222222222222222222222222222222222222222222222222222222222222222222222222222222ffc200110800a400a403012200021101031101ffc4001c0000020203010100000000000000000000000605070103040208ffc4001a010100030101010000000000000000000000010203040506ffda000c03010002100310000001b94000e7874085c9e7d1fb5d28ebcf59fd94b59343071550c765a3ca86ad2bf3657d0979b705568efbfa03790000015da13396ab7dd1d1ff003184a75a6cee890868494d25a60f4aec4585ab4a76479f7ae1e130e69cd1df76303e87600000151ad1328ae61e4d830ad7bba515f5b7532f64a79392d8d91d8c2664e0f6b59e9952e9a458361c14f79549903e87600000282bf3e69aa673adee4b95b5ad52259b4473c7355763dc50b69d668e9d1dd6541d83f3d8ed58f12fceb080fa9d8000031f337d2df2f521a2cbac5bed3115e5b75563186d40d7b59e12fc7947b6d8fb7fc8cfa3ce62be6b1ddea511bbad7481f5fd000001a3e63fa73e70a3bec54eb26c4cac9e92b088cd7efc6f6ccbe2def2f2f7d5e31f2bcfaeb5b591fd7d5f6b76d8b4dc007d46c00001a7e64fa5fe61a9a9b601ea6602b1b3aace7ac6e03a2d6db0a8377c57242a459f507a77bab5af35f91445dbb167e9b7fa200f52e00001c9f2f7d37f2e8f4dcb6fb04740b5aa7e788ecf9cf45baee6a3d97cbcad6849bd9f31cf555bb5e4b7b9b76a24b44fada7d1e07558000023e80fa0aa1e5e980b055ec4e9e654ae5b94308e2f2cbd704ed93fd964bcaa9faf2f3645693e7eab7a8594e5eeb7d0b9c66f200079f069f99be914d28d7df31836a3e79b2890df05ab4960f309b09df503d24e6be2ec96e3adbcb07645c81b0c06400c00600f3803180000f59033903390000003ffc4002a10000202020006010305010100000000000304010200050611121314201015313421222432333041ffda0008010100010502f623210e7960e4c6f1258cbedc0c858dc2ca857e214da279a1cfab23d517adbfe4635170ed77445c5772e04034234fb17b8d51af6726b135a6ca0c4daea9590c6d4a50a1af53f9ac9fc65f58c35e6db6f016a262d1edb9e77199592ede244d82247ad4d267cb579035a04f60c1f624008d7776723b82fe5a51d9d6a2b9eaf2eb0aa900c0ead9eb6f365fdb7a7ec81e3589afd45ef65369cefb0d776fe99b4284ecea294a8b62d543545605da3980b87f7b8d50544812469f2cb03497d3da6c97b6cd2925fcb1875abeca57c659b9c91b56ab112c3ac551dbc41355b32d85adda831a3b7d4bbc7090bb3b9f12d88d7156b7166bd522f4f6dfececb0348bd5bdcbba06df6dcd11905ba23387d68ad9762d5d4d494534c37f58323c586dd89ce88c12f253529d1449c862dedbe34cb9c3adaeaec2bc54d07374e387d2c4e09eed22476b7558742dd396bf39f298caff005d523d91dad15a68ad6bed7d7ff370492ecb87535dc68bc2daebe7120ac0d147d97fc9beb683994c3586fa3ca8cae6a35fdcceacdbb7ca9af17881f59fb6cab5a39c3a054ecfd1968cdfa4d5067078c64cb50bb3b804dc0ea825093592466ab5d2d92239570e9d183ba5edfb5e790d82f7cda2d62fb22cf0cd479bc19288b9ce0f3f13f1acd759e30e9518e662b541ea3b39b33f56e7d4dfe165ee2b6b75a67d806b3621cdfaa5ac3335b1e7e2735fafbbc708a800e320f25444d645ec787dbdf7a9bf45c86efdf44c002df8ec518dd5f613b27797933f0923778e000d60e56f5b7c6e55e936acfde476e3fe47a97fc2dfa5b4bab0ec98d66b9a05b7c52f4bf3cdc9f8d30a07abcda305590d43be3378c82185b576ec3bba2ff2fd58fc562b033f0c56a6b16864753bfb9e1376dd6dce46689a8bab96ac5e8e2929b7a773c9533622ecb6c924af7ab5f866af431c329432e09579b637ec330fb97eb6e723027bac7598a34be6cd3f2d4d7965462b3168da963a09fe9eafcf2d673e73c2f4a970b074755bdb16c073f27232734cff008ace466d15ec9f5aec5122124b72ff006f576bd5af6350600b4a8b4c97c5dbd9adfcb36b363ac332b4f2f1af9d99cf1ef188ec792df510461d8134b0d5372b82e3a1b23ede8dcc55162f37d6f0bdebd7166c4c6df6de43cc4c49c072c0fbf7e536998ee5b9c1cbd55998a8faea2294d49ebb92a758dd98fb7a1eb52aec75ae589e53afe216439b4700e0da9eb6411913cb23f68bfac74cf5c74d63b95153cc9ae7d409d2bc1764f45a27d279e12b69c7f510e617860b136e1e76b93a77eb93ae7a32537233c56b200d46765ccf11db6575efce5753b1b65744fdb07c3879c4b4f2ac0873588f6e519d319d15cedd73b54ced533b54ced533b74ce8ae74c6728ce5ebffc40024110001030304010500000000000000000001000211102021031231414213224081c1ffda0008010301013f01a17a73e139f0b7404d7989283d03363b85d4a3c4a8f6c94d18929a250ca6736112b605b4271cc05254616d1099937ed0a228f7748605ddd5ef8c284cc9bbca8f7c534cf49b8745de547f2b4e0885c140499bbca9a8d908184e1b8484d102cd17680691a9cfdfe53b59595e9a0d210bbb9f87ffc400331100010204030603070501000000000000010203000411120510132021314181f01432b12233435171a1e12340617291d1ffda0008010201013f01c9ec450848281757844d624b6d494200a989cc45c60048a5ddf7d2153eb6a5ef510547beff00c8969f714d175ca44be25a8d97169a010cbe8792149d89c243469c61485298d427cbba1f60680755e657e60cb844b975cdea3df7d225a5469eabbc070112f2c5ea9e088437a9759b9be7df7ca30d52b58578528361e425c4daae7024dba1079c787688b4889b9952565b6c0a0a0ea6133330a4901351fd777ac36ca54d00a4c3926c96ec3b84618f21d78dc37f2d82904839f856eebbac210940b5232c5a7be037d7fe44b274190be6b229f40760a4dc0e45475427f8cf12c434469b7e6f480dad492b03708c3d2a79f424f04f7ebb06eb87cb23efba6588e2025c588f37a41aab7c614e82552ebe0a8c3ab2f3ba4afa6c537d7223f5c7d329e4a9330bbbe7185693ada9850de7bfb43885cb3d4e621a652fbc99b1f2fbed7c7e9962927aedde9f30869c534b0b4f28c41a136d2661a89497f0ec846c3ef69a80c8fbee9173dc80825de421584a56b2a229d7f112f2ae4b0296e94845d4f6b6b4fdbbe29fb2ffc40040100002010204020705050507050000000001020300110412213113321020224151617123334281a114525391924372b1d1f03034627382c1e124356393a2ffda0008010100063f02eb1e2ca89617ed355c48083e14b1c921ccde5b50911250a76ccb6bd1966cc147952242252585f9797d6b73f9538fb4c7d8d1afdd5d9607fb269253645a030ca04875ed780de8cb8895a4cab989f1a579066903fb64274cbdd523c6b99d56e05589e21c40ce26b72b0dc1febc294137206f4caed67419b0cbf0b7fcd3cbc893d9b844729a2d0e9ad9987c22a3b2ab184f6bc194ecd4d2daf6ab4988935bb15ff1785450caa58bf7af755c6dd78221f149afca95db932837f4eef9de9c039e36ba9a40fed253d9161abf80a5972e537b1152c9c884e63463963508cb9828dd3d6a36950318cdd7ca9a2c2852e9ac8edcabff00348ee9612aeaa6b72238c77ee69d648ca1d9d0d1699c5fe37fe151c83622f7f4fe853e6f86461d7520f686c7c2f4e70dda5b5cb5ed75efa7002a5a437f9d22a4a788b1916b7d3d6a0b4a4803d29612584519edc9e06a63206e367b393ade84502e699c69e42a2b87685d73efa66f3a2eede801dea1679cade42a177c8698ab90bbb336a4d64e1a7056cdda3bf85e922909cf6b0f3aedf3eedd7fb487ecaafb48cec454d8595f2b6a005d69b2c458b587353be544ce05ff009d584800ff000a8a654666925dfceadc436ff36959daecbb132ed4786d941f0928c18991f329e52699afab6a6e2f51e708729bed5aa9bdad9835e9f113769fba98cce19dfb80d17afc2c3b5a43a31f0a8c300517b67e552622192048dcf6576b0a69710015b81983744d3b777647fbd6231923139cb3adfb877545f6d91fb43b4d737b9a0c3113dc773163524c8a72b1d2fd2b1a7331b0a55fba37a9623ef21363d72a45b76dfc69db132ac6a52c0b7ad14e140e8ba0dc69487118358e27656122cb7fa747044aeb9b98041430fc597822d619052ae264c490a6fa05adf15f4a214dc74f1a51ed18683c05166e51a9ac4e20ed21b75e462b93bb2def6a993171aba84d013e75a24b1feebd469c5cd1ac8aa015d76e88c70c4998db29aed61f0fd99726c75d35a7768f0aa918bb175229f85c3c9ddc3bdbebd22798760728f1e81875ddb53e95086e6b82df3ebe54161947cea65c6244c3276449eb5781b110ff0095330a810e3259b0af201692c595ab879b3695148db21beb57195743fb33b9efa68656e3ab1cc78b19a25397a33c9ee17ffaf2ab0d00e88246fd91bfad61877bce83ebd663e545f284bf75ea74c52b108a08ca6d6aff00a3c7e2a13eb7ac22c92f1471946a82e74342e00ecf70eaeba42bccdfed4a918caabb0144b1b01df52e416c874f31e3d182886d1c8a4fadfacf6fba695655b1b5ea4187c4700c601cdad7fde1d8783441bf8d61279f12f2e59028454b0f5aba787ddcbd4b0d235e67a58e25ca8bb0e8922bdb30a05c5b5cae3a233f7a446faf5a4fdd34a6c3416d2a659f1061320014ded7a12c58b7923fc192d63f3b520c4064c119070f6b036f1fcebb3b651dfd3917451ccde14b1422ca3a0e520e5363e5d0b3a8d1f46f5a5079a3ec9ac14bff00902fd7acff00ba68dbc6a4fb4dcc710e506d726b11f67c634702cc52389c671615838a68b5e286e22729d0d13e2074c646f2768f433c035d8b7ddf3ab487d9cbcdebe3d0f19efdbd6b86df1e87d6b0b18f85831fcfad2dfee1a64460ca0e856b1885d958a8b656b1a8e1c2499b105822bcbde49beb583e346a48981f66dbf64d310a47af4fd9cf3c7b798e82ae2eac2c45346797753e22b239f691687cc740957e2d7e74b236ece3f8f5a6db90efe94ca2da3776d52ca6474e10d321b1d684d2e2864c2cedc2465e6b6976b56123c5224786073020dc134c46ddddabf4a4b1f32d24b1f2b7d3a3b23daa6abfca965f911e5408d8d245f16fe951fef75b1447e137f0ab9deb1a99d91c8162ad63df51c585612e273055693e2275d6b04258b29e2ee0dc729af90f86dd4e1487d94bf43d3c441d893e8699653eeb6f3145db76a4f5eb6217c6361f4a693e14a925c0ceb0bc5a5cf9d61a4c4498691606cd954e5cdf4ac26748d20cfe39896b7f0a2b954586b9450211ec7cab91ff004d72b7e55ee9ff004d2a62964e22e9c84dc56a25ff00d66993872ebb1c95eecd5dec3e74bd69c9d821a9acfd9287ceb111f1f8723db2ae9daaf69c3970d6dd12ce3e5430fc3ec4125f38d6fa7851c86e2dbd000900281c9472b311e1c2a2f9dcb0cb6393c36a2c247dff000bfaf0a3ab6a7f0e85ccb9373d91dd565e2f645bbab9caff00ab5ad4b3571386c231f11d3ad246db3a95a9209d72c8ba1e809881c78fc7e21fceb092c04675935b8b3016a27babbb6fc4b50df7b7bcad55bcfda6f5b7c5f89bd77581fc5a3708dfebafd9b9ad23887caad9c0f4150c0d2318c1bb5cec2b4eb7b45b91b1efaf66e7e62b4ca6bdddfe75ee1ab5824fcabdc49fa6bfbbc9fa6bdc4bfa2bfbbcbf9569867af756f56ad728aedbfe42bb3f3fec76adab615ca2b945728ae515ca2b6adbafffc400281001000201030206030101010000000000010011213141516171208191a1b1c110d1f1e1f030ffda0008010100013f21f16f4e14147306200b1b328fcae8d2e5e26a043e03933a44b7cd8bc12c04dd0c3cd8826a5dd41e9cb2c559dae7b793ff009575e6583ac5de4ccaa117f20abbc1b6b29a67dd06721fae65ebb392cea986be987fa9516c1a55f944c8054ba329ddf5500e270ccdecf1c748ec25235abaa4b8efbb7744faff009d612d7e9395c11980709a61ed309de6c673795167afa432a2b2278c68e13d82e138d4b4d148f68f640ed84bd19660035cb63b45ce6566e91ad635b89e5bb780fa9b07930ed7e5fd4bc45f774275b7787879507d715f0e76a22be84a77cdec131ed314ccb1a10c7b2a6c85b3ecff009cc0fd46f6bc7cf8ce80b8f72f4b86e29a101b1e526d6d232ead3682e9ada2decea3ea1215072946f254aca8c1b14c797fb0ddd34de8d3e718cacea2ad5ef09b132a68c3a79bf523d6a31905b04116381476b77ace70220f2bbb38118ff49d8f594512a9abfa98669ba156d55f9d78ceaf18379793a92b9b022d9eba55c759e58e3418d35af88975105689a0bde76e5c3ea1a2fa3a54ce7d21aa40a02b53940b86295aa12bcf331134a273b4ad356c1b3cf4958334f5bdb30c89ade80698635410d19b5aa4e09416071838ebdfc6ef4a46a2bdb12f1e6358767bd4de2465860dab69563006d2f4d65da5c09b0467d7e91bd4157409024b5809acd758e3b9409e907e3a8282885a24141ac41576c4d52680dd88f8957aa258f8c61df92b6dfd25c132342d23f60d5a4438c8c325a88e450dd31c26176b36bae75d20d6b42e88ca66714cf4ed32984df135c80e1ad49abf0d454ce3fead89ad0d9d25fc01af7b7db1e25a4cc2e55c120484b554f081b9ee5fbb98eea84c1064fd7e242cae9d357110681b8962d81b730d99f54ce3156c4f7e680f2eafc9573f67dfcf6874407a87fadeb28652ef48ff003c59bed1600343dd285c960d7875947baccf4b48eebc96514982cab998600dd5447c3242cbeb344f194bcfae6bfd00aa6858c0151360955354ad6899eae1f708840501b426baab4e1c7acb567d3ebf1e2e942609240014d51cb10da4aa4b145db462f6a99e99282737f90158d600e785eb34435fcac967f7ba3ac1c22ad810420ad5b106f90a22591f5007ebc56695bf44bba629638f28885a064df64950227f40880115730ad072e239d045ed3dbf0359a266c796ba1d60c605042123a10f0ed12401f41a307186c670e1be62fdfc4c43a1f04b4c4a5474f3ef06120ab42e17498582dec8d436f98cd6ab5fa03e5003655ad6fe7e06b39bbf8ffb9b0479cf57afe192a601d5c4349ff5143dcf89746ffc8f69513667a13efc5bdd3e88c0d00541b66751054c033d2a31df2af4a6eeab3c56935861174ac3391deb8de7132879fc0d61f59d5e7347b1f8b72dce0585bedd4974d904d96f971b18af80357034fb84bf81bd515ede2ae701955a34992de158f696d76ae4645eba907be7cf789f25cb0d216362c2b1d778221d051ad317f917ad5e8e57e9fc0ecb81b92ec9d4a14162ab3c87ea0dcd125ea9b0d66a8495c618f10b310b9cd865ac0c32e79db74940cb32e6dbf946292b49a6c533c6399a32047345b42938eb0120d4100d77fc885d3d9d792217834e5b9f8bcf99f9f34505d7ed239761626e4c1036bbc26bfa3e4f126008e7ae28350db0c4b9640617d7523a0db9394e5de150ce437696cffdacd5d2f357c31fc344d01355be5bf52b3309a10cf8f33f733c817f13d626f9ad9afe0fcf8b6bbe7114cd92aeba4aa29ab33974e93569725d496f2cc05c515942d4c68878500282f7de2f6a045981bf7a37d361b7757cc057ef254a7193aca35685e961ff006a4b8e87a04d1d7a4da8ac66a51da714e53e69a1e1706935f2966ca0e83d460f251f0177a99992d0b213b5da93b7a42440d1633735d7313b0eacb8eb06748d765b11ba59561cfcb2c7a168139bbcaaf0b6986d7db44aee1d0dcef89b1b3a068af884e14b0694e186f19306a7589a1dc2accbf31469ef34fb785de050f72a5b6bdea75ed2b11a4d12589972f7bed2fc717cc1c37b7b441cc82b4fa98dc5e98b5b598ca390ce51f44293cc6a00aafcdd5fd9ac37c156b5b474596b4bd17488b8d86aef00642aa5a3a05514261a5b43d7f50eca5fe2d8a056a1fe98479c518bc59350fa84fae275ff0027f04d4fef4fd9396e9208d49f90144fa089aa7cf594d6d76a542e5e56ec1d772de0a94713a53a29d0cfe34fe04fe74fe74fe64fe44e97d274d3a44a7128f07fffda000c03010002000300000010f3ec896eb073dbcf3cb56a1c67ade3f3cf2c2648df05b8bcf3cb0b2235f98c6f3cf099e9a5330ed7cf3c81f514875c74d3cf0eb8c21655f7fcf3c51b3aea252d7f3cf25bdece2b321f4f38b14bc58df728830f1c03c73c03c81cf3ffc40023110100020104020105000000000000000001001121102031415161c14071a1b1d1ffda0008010301013f10d000acdc540462073176bcc44171690059b15436faa1c572c69d867a445cf827256089d8214c286fb98aaa3940c41ca0fc40b448e3751963cecad3b8b3700288ceb4c27cecace96e31d388e6092e040f1b337a99468e665cc06df72fb2777a7c23023b960e53578801b64f846658e48cac9512a2361865b8bfd3fac434af527d91bb709a25ab3baa172e5fd07fffc4002811010001030205050100030000000000000111002131415120718191a11061b1c1d1f040e1f1ffda0008010201013f10a5025a5989c42d3a7cdb17d2970229964271b5b59b110f25352cd98b6c7392ec92b5ec10e025ad7c1bbab3891b22f6fd1300336ccb304c81aca38cbfb3c19542502343558bd3e39261b318c70096640e6a476cd0e80b01b7bbaccc7f604d4a0adec384621823c58a2a52eb9270e76bbadc5859cc68326bab69e705a51705c4753652fa0b066e1698eec0e417c65a44589cdf05f768d4935cd890b89ed0703dc7675f6a35d472e97b6d7d355a410a1892634d795213adc267005c880f1142ac94212a3c3cd04614248225893bd25086ec318bff00ba78b52e8b0168f6cf98db8101931f1eb2485e7419df19a362036b7c5142ca737f3bf6de99bc572057aa476e044db036e71e83996ba3afa9a35d9767efc676a9d4412ed38a4f26e72067cc381420d53f5e8889fcbd1520a5f86fcf63abee9977757f6b1c531ce2fdcf2141da93f61eb1e78924deef9f42acd4f471e299f0b93aa7eab9ff006913b2d9f23f758dd6f3b3c1274385a621bfea8ab45f69a9d3275de95bba9fee742f4ac09add8ee36ebb1578e533cdcf4e017949ede928edfaa66651cdfcab283bbf957921982cf78d14d548cdd5fa281ba2fb638127d1099691440a8ff07fffc4002810010002020201040202030101000000000111210031415161718191a11020b1c1d1f0f130e1ffda0008010100013f10fd805244ee34a1753ce0bd80120e9a304399369b6560103136c56392e60d754ca5c2c4e57c7650ab4136bd7f58fc182827496453145baabc73fd35d62924f2954090133240f0f58409a9246e4ffe20b661c9db001caa8076e4672cc471c24c21cf2f19165828202010050045113ce0714408515de1458b2c4f2e0b88fb8b63988c9225152e0ccc5e23a40e304186e4b00585131ae31f6a1081491dc0ef6f02641ff1ec6612bb34ec4c39a440bc60bbd13c4fb96203763b87b788fe98434003a9448f04a4bd657526959638640911130ceeda31985f23d8a5bc03eb2149fba988b013089fb20fb626fc3123313d8a627e15cb0a301e8e9d69311029c83cfa20c4ba37c609dc1642ca391e721c1aae7d7d6063047ab26d75430c6c9d3592746070efcf0c3c83c62007a885cc6c4005cb1bd2f398b50044f476784c1644025c9502ed5503478270e6587cca94f32a4e93074ad3586679a979715db30baf379941cfaf2aac03c650f61fbc5030f6a09ee843ca6089e867493c60498e5e71802d0d8817840423505659ef86c159e812f22d327019cc02d8a864c051f94944c8d397d9ac046310412a224b33cccf58a26df5061aba30789ea62a2d06520a3100cdf91c24b7120ff94e3a542428121368d2d278c19e95499da2d3fbac844245946d474a9e64ba62c6b46988c5142689a03c61b624b1494badb1e7f79c12c730494484bea1191e407ea9296e46d98538c1c90560ac436520acd0663051a01d9942538cf4b8904da239e57b2cabdae01df1d0411c0020cf8c040e0e042003a80cb9446603d3c68d6149b92e1e48ef0abd0d201284f0c88f39b7e6ce4844964a52279c7208c1668600634b0ec6f07dd846baf70132c36cfa6116eab204a0d308470c736bb452044c05b576bd83f727ef039549074b69d82444c81b65934a89d2f0b520868818b924c77873087f47345311acaf28f9c824345a377c1875811d094a7449307783c55c092c0488b2780c40b920b4968877ac19480ad24870c131e70acd8e9726615e758c3e024a45e5f012be982621abe8019eea720128fa883e46fc8fece29f1dfa446040c1005836ce3124cf05d278605bc363683012602a45c63435faa4740147da30e183bc981ba91eda0f190979554905214a5ddb1358a1730e36680cd39dad633d7122fd687c7dce0bc021e0c94a70c6199e526f18b58b12dff8a27a20ef09ab28e012e31726ad4c03d90f7fda609609ac5774482034a50f8358bca7d3502a1198c50439343d88ca6e8211346868be5e33565c33172b0d258b27157800e5217a09940a53678c3c075d07008b40d95ac44a206e482c7c93ccc563bc1665924e2d1bb9d5d76f82ebb9799c0907ae24b43b917e9e707d983951ec23dbf600da1457a64e0ef676459cdcb57cef27bc721dcb51a757185c02c0df45f4320b03ea9282b6852cbd98ea1a0f9f84961c36f92910310118f4b98cd6fdb0b048ad51d7abbac2cf281b840192410602ef13cfc720dc40a01a2da8cd182a3fde91e4ebb7b6da1fa41e005007060bc81194438a45e023f27380c516767f15f6c3f505893791a1c17e5b9001c8b063107f004593747239c0d3103e4f1de81c0015b43374a99de3122701c2ca81b86f888231fe069f8a0f88695bf55df05f584d6a7401c621013b005aaf58ad8c73db10438b1ae2b041396923a76b1ec0f9c3f501a2c01cb2c83819b5516936359499734a403c49b73a3a827cabf781ff00a1a871cd337aa3caf6d551b124403875cc5c4bafe6245ac316bf63e0e36f9fe4502057956d7973862004a3620b4f64849d62887170dfa127db2698029349de3584eef87f4386bf551c1257a9f58868a3208946cb33898b47130a446c898e71df84ba4810e436481ef0a56f118c4b59e02d3c7136008ab69ed7d829c9bc75f888bc21c492f1dad07be870c89e362b94e56d70c43693261055d3095e7f01c09a428253ec7cac5940dcda05ff0087b3800214fe1fe3b06bf58d21b03adb0b51004025478d620a22ac92242c246396389c3d52853d0a49a0b5679ce6f4b8845223924919448c8a6c0a0451b828f42ab1d7e222dd8d520f60fbc1c98d257c081cb301d28e56014ea66d7d585e9f18b8c8121bde2bf93ea716856611297ec0f7ca57a4e83e87e70d7eb3efa8404e553479c1e4410120d9552e27c65b1ab42110841d82598497a686ec72a2f7de255fcfb80623910b5910cd259b217a518d7a18b36c15e959e424f511f09f86ba4d23108fb67b87b2f4fa9a7c9891a252bd1f5cbc9e7225638f48544b3ed4fbb9b762ca4340f01061afd50af002ad81a4ec78ca6e46734ff83c611a27540d31e01558a93460521dd1eb49023828bc9a9f3c7a088080882ca8d13488a04a42b27ad9a715e6d950311d1d278491f5c9084b93614be46bfee0de13099e0dd7e815e4303e5a3e5e9ebcfa9864ccd72123f18d2792c8103defd8c304e1723f56725874983e73288895deb26db953a420c01d8369a9ca0e10a762620f7be705929f7d884873b8ad4a1c5b7922cea9f64595d518ef36fc5a8aa92b578476f678c170c041e7bc0598140ada3d1d3df355e52da347c8a3d13ac9ed220d1d078083db147607d3f62794309c487f791a1c301d891feb1ba75cc452909c84eb1482b7365591014545b578bd83354360042600cab2c419021145de84b9f39063b2c8db4c5e9f872cdcbed6f8e3261301521260a8f47ad62800132bc7bb8cdb165202941b0a67a1e70d454364940d86d0f7326ab49d2758f057b0e58b38a908425e72d0c108c924209b8bc70bebfb9964f07ea471106009f30c7c60d02dcd225d6b82e0c9d517848150d224a11be717bc6868d05b5299d60072b6958a1a49df195d5de640e129750ea38c37748415372c82d312b3d60622a82f2c266db2e4f4e5a12919a1086ad2ea58bc85a20b0b556da3b1a7ba1b5a684a46a9565849e31c9523452b13ca47e1e1c7ac220d82f65ac4f7e72a3918c8b728a351f1db81755804c978fb5954086132e8267397b87f1fa2c6f1c284381a5f78e1c71427003b596374e3a3a851089a47870c8eb08c0f557a2de726c2e2a6bd264d6edce44ba0eaa08ab48fa8de10a316821778d3aa3af39529420163ebab0f385158830a4901bb9534f8c03294b1149c1dca57ce6ac053c50851644efb1c86580167407306fc63c80ac067da156885bf01cce4e18e89beb6ef23349004ea3ac68808970a8d0c103b705409e300e9fc21a3184061704c3699a028f40b8f1ac441f017d88c65813b1bf8735701fed719b371dc7fbcff002c78aef3a122539ffe186acf45fe3064f4e639031579fee390fcbc83f89c30887767f831e875b257cb39bdcc912bdaf3830946121382fe2321d62db18a6cfc62dbf8316dfc38bef22bbf899ff259ff0025807f8d816be0607ac41ebe2c0f5f1603c33c0641d7e7ffd9),
(8, 'Lichtblauw polsbandje', 'Body & Fit', '2.99', 'Nothing Beats a Fit Body! Laat zien dat je werkt aan een sterk en gezond lichaam met de polsbandjes van Body & Fit.\r\nNu verkrijgbaar in 3 verschillende kleuren: oranje, blauw en roze. ', 'Accessoires', 0xffd8ffe000104a46494600010100000100010000ffdb0043000504040504030505040506060506080e0908070708110c0d0a0e141115141311131316181f1b16171e1713131b251c1e2021232323151a26292622291f222322ffdb00430106060608070810090910221613162222222222222222222222222222222222222222222222222222222222222222222222222222222222222222222222222222ffc200110800a400a403012200021101031101ffc4001b00010002030101000000000000000000000005060304070201ffc400190101000301010000000000000000000000000304050201ffda000c03010002100310000001eca000000000000000000000000000000000000c352ee2b9c5f2981b54baa4673af73d7e8137ca33fbc77cf549bb66eb8713000003e1f6b3174bbd959a1b2cbdca15b90ea12753428bf3574e6abe70edecd9a339153d57824d990a4fcebbea561e1bb35edf72532e7475038994f9aa1dbcb8dd6d9e956e9c5dafdb2f775f95dcaa57f230484cee495e1b278fbd57cf351f6da9a7010f7957d1e4d5def11d62af16ea354cd354ea23376e9b5ebd731bd8f7db550f660b97351343cf66e1623eddcb9ac5e33f7164cff2e314deb64cedd07a06b54e535ed665a455d3737e91e7a8f80fae995abd995b95cfb7d71ebdecf98e68cd883d99aaf57dfe3db556ef57731ca749c1cebcfbcdce174e4e48356c31f638e7c82a6980000f9f45529fd6fcc90f22cfd2222486953523ebb8e3b0ccc815e97b0678e4c59482d83d00000000000000000000000000000000000000000000000003ffc4002710000203010000040603010000000000000203000104051011121306141520213022316023ffda0008010100010502ff0036ee8664467c429185f11320fc40e99fb8b3b12a31fd8c6828757740269e9e8d12cee7abf32a515ce1e8bb5febd9d504cd3a98e22b9711cfd3aa27e1c2f2667e5e7862a32b58cc41eca5faf42340f5f48c0eeb6a2bb6938b7add5f67f55d0e95b21942b99794fd532f1f3a26ad2ac6ad5b9fb08572ff0013327dc3f39d3bff00bf9f8af41a8b075e99f674767aa32e2d2cd0dc5c85a250d54734508d0c3d2f108bccc6c3c4b541aa1199f2092d9cacc71bc255c771b42e3164b302f4972367bab9bb47b09394b27371620ccaf0ec1ff010fce6c7e71ba8575f9bf0ceaf74eabcabc2c6ae3f20383772ad138d775a275bceb514e664f40f8f6abca2d8b5db359b686aca17e292ab692954b0fb5a156395221a674737cce4ad3636aef088fd7d70bbf0fb7a0a335b5d004ce0267afcaf3a0df129150fddab57aa22ac59e1dae7d81f9cf3f04241aa11055fccfb47effa2b2b904c431363f61b96b8ce8ac6334b345907a6283d7a3c2ebceb57092db3e16919f48d717cad9517c364dbca6211562c84b1f57b6c12569d73ea7a467d434dcad1a1f0a9826c57cb997f1d5416e200a01fd1fdcdbc6568b664d79493a86a0791af60dd1815fb291f2d8022bd56ef98486463c8162b1fd77557198d2d85c5cd72f86a95c7f2aae2ae2f968082a00aff005bffc4002d11000201030205020407000000000000000102030004111221101331324105201415226140424350515291ffda0008010301013f01fc4493247dc69aff003d829ae663e685d4abe6a09b9a9abdd737ff00962a44790ff2696cf48cc87152dc44bb46bfed6a2e735ace302967957a35477f20eedea29965195e1ea1705472d6ad2d4cc727a5222a0c2d7a8cc75681496602f32738152ba93f48c0af4e83f51a9a08dba8a7b043d9b520782519e17d01e66ba8e682350a0d1bd8854b2f325d6a29c331d529ab6b33336b6eda031b0e37132c92041e384881d7069ed641e292260dbad32cda7e95c5721bbb39a17722ecc95f305fea69afdb1954a779a5da438fb55ac0351c74f7340adb8da8c3274eb4b0caae5b1d7ef5f0f21c6c285a03bc873fb27fffc40029110002020103010705010000000000000001020003210411123110132041425152142232406150ffda0008010201013f01fd84ad9fa45d27c8c1a7afda1d321f2962706dbc54e977cbc62b588daadcec822556365ccc208a0139869acf947d1afa63d650ec7b34b56e79197dfdd8fec662c773346836e51f519e35c507d466a6cf4882d71d0c4d5b0fca5856d4c7669acfb768e96336e441a7732baf8a71262ec3092ebf80e23af82b42aa49ec46e2778b7a18d62918681abdf26171d21d3a9c869f4adef0697393151172b2eb31fdf12da4620b121b10a813bd410dff001c7f89ffc400341000010301060209030305000000000000010002110312212231415110230413203252617181913042a16062723392b1c1f0ffda0008010100063f02fd378eab67617ae5d373bd561a6d0af6310159b63cc20e69907eadaa8e0d1e6a2836d1dcac750c6c3b458ecbea16d1c4fdf45351c4f1e55224788dc14f48ac1bfc4289a959de4e5cba5d5b7d655c827305475d95ebbeb1b5a56316572dc0f66f469d130cd4efc662c33c4e40d9b6ff0013d5aa99e8d1aa826cd3f08e369ddd1c19fc7b185c420caf9f8bb06953384778efc2c521250754c75373a707547641173f3e1807ba879b7536d0286f0b551a0976e15f459ed72e5b9ecfcac166a0f82a2a34b4ec55cbab76997086f7df70e018ccca819ea77e3469ee6784bd58e8f04f8b40a6ff005e1fb47661ed0e1e68be84966add42f7e144e85a470eb1c313bb1d1dfa490a4e23b28986f842b936ccd922540503b64d3184bb810defb6f6a878c941a3f0e5fd13f2b0d21ee561b2df40b98f73bd4ac209be14175e5d666722a93b3ffb2407d8140edd8a66ed4abc6dc4f48a2309ef81fe7b199b7319fc20fb0035b6483bee15322a758e6b8cc6ad46f8133e8b9b365729ed3d9c6f68f75cb05df851bfda10c6d713b68ad03732e3c6f45d4b96ef2c9612c77e17707f72ba1b3fb96378f60adf47974663555afb889550b746070854ec3a6de4b976eed9417ba7cd675161b6ef741ae10e726f598da46972a4ca765adcd31adb384dee68b940fa45f4f975371aae653eb1b66ccb15263f4106742ab31a64f5922c9be132d38925baae8aee69bb267fb5d29b71912a9baa065368be03a51a6da4e9991aa0eaf75d10143440fab8e9b4fa857323d0ab9cff009502b558f557b9ff002bbb3eab08fd5dffc40029100100020103030303050100000000000001001121314161517191102081b1c1f03060a1e1f1d1ffda0008010100013f21fdb76d8ce54693985510f96b658c8f862754ee590216509faa8fa82a5bf8c7104f8188e72c145e626e1b1131c9c77fd4c6af1111b4e65b32712b1fc282cc058d4bbf966563ed83f884d31dac9f32f6a9cbdcca4497c1b4dc2f7cc7303daa558ea5f385f6a88aa0d56581688ebfd7d0b2573b7b1af625f95b93c1a4b316b990a3a334ff00b94eb0d23d240e8d2009797eef45cb87560e65a1fc378225991f567d123774ede812baf83965723a463b0f4cd355d3af11c3b5fc710c23b587ab4956d534639580b4883137479389bb2ea7ec96d65de92c17d01f419449766a282a9235ce7f03d2a52be00dd8e07f6f5099dacefaf5701a33f8ff0065981998e5898f870fd275960bb5b95bb0638d9d4e65587aea8459d3b10eacb29f824b86d4f4b9b4877b9990ff00e683d8f83837e7fc950dd812edf0df9eb34b6339db1aca05ac83bb36bbbb0907b913b92b916cede9cf02e667e159181f470c58f0e2edbe59ac87f3d621f4c269694b5605d20250b98a00d776698b0676aac34da50563b4c163ee5a2dd20978977e0804ce943e4f4724b8af6041040c76a1e5ab654d68f46f2c3731d44b0b51c0bd659b96cd96a7a30c78df781ce007da07918c023d5c20d6d8a8d19c6811dc00580d0defd4ea188ecadd397c4671bdd8a5fb496e31d55afc4538df24beabb3f22381a96d5a547e13a2cf5818a06d38cd5d4a8d98e9b4b0883522b5e2e08c22a75a589b1a81772c19c6bd5d226b080898b475946559c538e584f4cf751d257a20298c92bae9f7114615ebf1da69f3486868c48e0a542b6d11b61004ef52b9d83a1166e0e863e2009d7729a5f303589a3875b958601c2844c1d3f535427d7e48ddd9e7229b1f9c12006c491ca8ea172b95810e0fdddfffda000c03010002000300000010f3cf3cf3cf3cf3cf3cf3cf3cf3cf3cf3cf3ce2e0357bcf3cf3cf3f7721bb1ffe7cecab1ded71edc33f3a47bdced5ff00381fc3fc25997fc7efb1f3cf0cf1eddeaaff00fcf3cf3cf3cf3cf3cf3cf3cf3cf3cf3cf3cf3cf3cf3cf3cf3cf3ffc4002911000103010801040301000000000000000100112131415161718191c1d11020a1b1f04050e1f1ffda0008010301013f10fc816ed7cec8d0d53d7f512b39008fbcf3421041b7d4c935ad3d76a2609152785ddffaaae3197b22ea8400e08c9548ddfe51f6101b14ff0033168f0244935caed5530054f0136e608db10f92b09005a5326ecfe9b51d88ab0393c6ea86eca709db8ed15018b819831e0cb83c28c90c0f4a9449d3b56e3c67558787df741436845f9618dbee80000c07991504e4f1f78f054a330e1827f1c8c9064604d66af41a689e610658696d97423d5586f49bef567269da29c9af34fbaa30588100863c6a7241102b1b81dd76cbd262a2f1c8a204070011682ccd8e6802833635eaac0624872f6bdcfee118918866114815aa0000c3f47fffc4002811010002010302040701000000000000000100112131516110412071a1f0405091b1c1d1e181ffda0008010201013f10f884a8dc7d7e843ee87e291d9f8ab1a5b7ee65b413500fbed34a3c18f58c37937735d31a5aa9567a076a348351952fcdb056eac56b5bbf6251bb1953779cd6d984167ac4ee5f8e8470c55ac9d8a26344a7440b9bfb3fb155b7ae38acd3a2988465af395001f38d25fef7665b12f6ff003f73b02e671a06077b4a30bc2dbc7bda2505eef5fe69e21ed939969691fae6ef8f28f974e26652b65695dab7fc460a3f7398aadbf23fffc4002710010001030304020203010000000000000111002131415161718191a110b120c130d1e160ffda0008010100013f10ff009a50156032b512de57d151003003e09a4415a493eea163f683f75630c9e6664f7464725e44fe50873613d37a93b2b60ec32d1ebad58fb14ce45e5a741a99ae8b2bc5202c69c5255624dc7fafe35825c55a1cb3395fdbea9763dd63a1a52355a9c94613ae083c03da69101136c9cc41e2a7ec5d852e501e26b42887ae14faa1e13b2cd5a79e7a4d1b8cd52bbbfa52649cd23f6a3c6b2c9ea9842e5192884f89837f1f898414a200dda88e1a07436fb532aad5fc56adfc508f2bd6c73468f7909077c2f6f342d4688d21b6c7382911497e87aeab9688889a080b50b897efab570040b01a545c111be828abf5f88cc34a90248a47a8ac6afec7340d40488c89f311648460fa35dde950ade955de2e0773428224df3ae6fb6fd281b12eed6b86e1978072b054ebee0c0d0707fb4298a03075d91404bfa688ec5de0927a505d05e79a82f51298623460b9caf7a914cb50fd8a1968021e26fee810c6afe81ecd6beac95ef3499112252798532d233d1afc2c8ad53204f60f69569ab25f1b1baec19a371090754f1b1a5001063e1b1b3bbc40f7e9486489b54b9417870148318127a1d5ce0e698cedff002f33ab535355c256eda8f411f083928b81a62977d1d1c8f4adcc944771ff00439a121b3d967e14a2366844bea28a9cd31247653a277cf8a0020c7c8029510c404fb5383cda9dd71ee989ba32eacf75b8a2052261d0986e80b0533a98d95946d8211228292171e3fda3dc41f946d0099ab5e2e300498e271f083af745d3b96f1500f14186cdc6b08c44c5e929ca2f3fd54c19eddfe8153e34e47cca84260c8321e0c1e2a0596a9a4624e9343e3440100425d99b4592926839bec2498c825d59a5072865c1650dfea88c907e40c8009574abdeb6d335e0ddf151144b64627e0083869b2dd1267c3675d9beb524435c9f0a0d88a401cb3265919488a9c1d5e492f4b2156c5a29200fbc938a108d231409950970824520b6d4948048817e46628a5510004ecdff00140c26813e33473a13f62dfd531700684b81d5ef567647730310bd7eaa48cac404587307d1f2b88a22f49da65014ebc764a4f01c323c27ee88857928b45a138eea1e4799465e58a0c3d660a3876d4f14d6223b5689b70cd0893c429c3673514f55a0643378c55e7359e04c99a2d2db609d64ad5c099508de429f6f08a09626f1467184615d826162f53cd71724775ed5655a17702b2b1217a0f608d4a903a1e680edc5caeabcafe30392b8950301f0e064689d2b072769eb67ad20aeea0e172b74a46480b34cf0c28d44b617482cd617357240e331b1a8df35086404cbb048d8feea488bab16672d1bc4f334d664cd3a84b729e29af13c8c5527132db1509be06f0c4b40b02007f20b6da2526f535e5bd3e569317ee9e22771f628cbd40503b05492473249eb6a4c501ab7dad4489b000500107fd6ff00ffd9);

-- --------------------------------------------------------

--
-- Tabelstructuur voor tabel `reviews`
--

CREATE TABLE IF NOT EXISTS `reviews` (
  `id` int(11) NOT NULL,
  `pid` int(11) NOT NULL,
  `uid` int(11) NOT NULL,
  `rating` int(11) NOT NULL,
  `comment` text NOT NULL,
  `approved` tinyint(1) unsigned NOT NULL DEFAULT '1',
  `spam` tinyint(1) unsigned NOT NULL DEFAULT '0',
  `created_at` datetime NOT NULL
) ENGINE=InnoDB AUTO_INCREMENT=11 DEFAULT CHARSET=latin1;

--
-- Gegevens worden geëxporteerd voor tabel `reviews`
--

INSERT INTO `reviews` (`id`, `pid`, `uid`, `rating`, `comment`, `approved`, `spam`, `created_at`) VALUES
(8, 4, 3, 3, 'test', 1, 0, '2015-10-13 13:51:13'),
(9, 4, 3, 2, '123', 1, 0, '2015-10-13 13:51:22');

-- --------------------------------------------------------

--
-- Tabelstructuur voor tabel `stock`
--

CREATE TABLE IF NOT EXISTS `stock` (
  `sid` int(11) NOT NULL,
  `pid` int(11) NOT NULL,
  `lid` int(11) NOT NULL,
  `stock` int(11) NOT NULL
) ENGINE=InnoDB AUTO_INCREMENT=15 DEFAULT CHARSET=latin1;

--
-- Gegevens worden geëxporteerd voor tabel `stock`
--

INSERT INTO `stock` (`sid`, `pid`, `lid`, `stock`) VALUES
(1, 1, 1, 3),
(2, 1, 2, 8),
(3, 1, 3, 5),
(4, 2, 1, 4),
(5, 3, 1, 5),
(6, 4, 1, 0),
(12, 8, 1, 5),
(13, 8, 2, 3),
(14, 8, 3, 9);

-- --------------------------------------------------------

--
-- Tabelstructuur voor tabel `user`
--

CREATE TABLE IF NOT EXISTS `user` (
  `uid` int(11) NOT NULL,
  `name` varchar(45) NOT NULL,
  `lastname` varchar(45) NOT NULL,
  `adres` varchar(45) NOT NULL,
  `zip` varchar(45) NOT NULL,
  `city` varchar(45) NOT NULL,
  `email` varchar(45) NOT NULL,
  `password` varchar(255) NOT NULL,
  `admin` tinyint(1) NOT NULL DEFAULT '0'
) ENGINE=InnoDB AUTO_INCREMENT=20002 DEFAULT CHARSET=latin1;

--
-- Gegevens worden geëxporteerd voor tabel `user`
--

INSERT INTO `user` (`uid`, `name`, `lastname`, `adres`, `zip`, `city`, `email`, `password`, `admin`) VALUES
(1, 'damian', 'fonville', 'j.v.gasterenstraat 4', '3207wj', 'spijkenisse', 'damianfonville@hotmail.com', '$2y$10$hEPYR2tRNDgM2UAJiIv.f.ir2xB548KZoGbE9A4P.xtpw5Zys/FU.', 1),
(20000, '123', 'test', 'dddd', 'ddd', 'ddd', '222@222.nl', '$2y$10$lKBH7f008DBhwRP0uxbOSuADKEioxrTNO8.xRTf0vym.RC2YeVIfm', 0);

--
-- Indexen voor geëxporteerde tabellen
--

--
-- Indexen voor tabel `factuur`
--
ALTER TABLE `factuur`
  ADD PRIMARY KEY (`fid`);

--
-- Indexen voor tabel `location`
--
ALTER TABLE `location`
  ADD PRIMARY KEY (`lid`);

--
-- Indexen voor tabel `product`
--
ALTER TABLE `product`
  ADD PRIMARY KEY (`pid`);

--
-- Indexen voor tabel `reviews`
--
ALTER TABLE `reviews`
  ADD PRIMARY KEY (`id`);

--
-- Indexen voor tabel `stock`
--
ALTER TABLE `stock`
  ADD PRIMARY KEY (`sid`);

--
-- Indexen voor tabel `user`
--
ALTER TABLE `user`
  ADD PRIMARY KEY (`uid`), ADD UNIQUE KEY `email_UNIQUE` (`email`);

--
-- AUTO_INCREMENT voor geëxporteerde tabellen
--

--
-- AUTO_INCREMENT voor een tabel `factuur`
--
ALTER TABLE `factuur`
  MODIFY `fid` int(11) NOT NULL AUTO_INCREMENT,AUTO_INCREMENT=9;
--
-- AUTO_INCREMENT voor een tabel `location`
--
ALTER TABLE `location`
  MODIFY `lid` int(12) NOT NULL AUTO_INCREMENT,AUTO_INCREMENT=4;
--
-- AUTO_INCREMENT voor een tabel `product`
--
ALTER TABLE `product`
  MODIFY `pid` int(11) NOT NULL AUTO_INCREMENT,AUTO_INCREMENT=9;
--
-- AUTO_INCREMENT voor een tabel `reviews`
--
ALTER TABLE `reviews`
  MODIFY `id` int(11) NOT NULL AUTO_INCREMENT,AUTO_INCREMENT=11;
--
-- AUTO_INCREMENT voor een tabel `stock`
--
ALTER TABLE `stock`
  MODIFY `sid` int(11) NOT NULL AUTO_INCREMENT,AUTO_INCREMENT=15;
--
-- AUTO_INCREMENT voor een tabel `user`
--
ALTER TABLE `user`
  MODIFY `uid` int(11) NOT NULL AUTO_INCREMENT,AUTO_INCREMENT=20002;